{"components/emthemes-modez/instagram/carousel":"<h2 class=\"page-heading\">{{lang 'instagram.title'}}</h2>\n<div id=\"instafeed-carousel\" class=\"emthemesModez-instafeed emthemesModez-instafeed--carousel {{#if style}}emthemesModez-instafeed--{{style}}{{/if}}\" \n    data-emthemesmodez-instafeed-carousel='{\n        \"dots\": false,\n        \"infinite\": false,\n        \"mobileFirst\": true,\n        \"slidesToShow\": 2,\n        \"slidesToScroll\": 2,\n        \"responsive\": [\n            {\n                \"breakpoint\": 1260,\n                \"settings\": {\n                    \"slidesToScroll\": 2,\n                    \"slidesToShow\": {{theme_settings.instagram_column}}\n                }\n            },\n            {\n                \"breakpoint\": 800,\n                \"settings\": {\n                    \"slidesToScroll\": 2,\n                    \"slidesToShow\": 3\n                }\n            },\n            {\n                \"breakpoint\": 550,\n                \"settings\": {\n                    \"slidesToScroll\": 2,\n                    \"slidesToShow\": 2\n                }\n            }\n        ]}'\n></div>\n\n<script type=\"text/javascript\" src=\"{{cdn '/assets/vendor/instafeed/instafeed.min.js'}}\"></script>\n<script type=\"text/javascript\">\n// <![[\n    document.addEventListener('DOMContentLoaded', function () {\n        \"use strict\";\n        var feed = new Instafeed({\n            target: 'instafeed-carousel',\n            get: 'user',\n            userId: '{{theme_settings.instagram_userid}}',\n            accessToken: '{{theme_settings.instagram_token}}',\n            resolution: 'standard_resolution',\n            template: '<div class=\"emthemesModez-instafeed-item\"><a href=\"{'+'{link}}\" target=\"_blank\" id=\"{'+'{id}}\"><img src=\"{'+'{image}}\" /></a></div>',\n            sortBy: 'most-recent',\n            limit: {{theme_settings.instagram_count}},\n            links: false,\n            after: function() {\n                document.getElementById(this.options.target).dispatchEvent(new CustomEvent(\"instafeedAfter\"));\n            }\n        });\n        feed.run();\n    });\n// ]]>\n</script>\n"}