{"components/papa-supermarket/home/sidebar":"<nav class=\"navList navList--aside\">\n    \n    {{> components/papa-supermarket/sidebar/categories-menu}}\n    {{#if theme_settings.show_shop_by_brand}}\n        {{> components/papa-supermarket/sidebar/brands}}\n    {{/if}}\n\n    <div data-emthemesmodez-remote-banner=\"emthemesModezBannersBlockSidebar01\"></div>\n\n    {{#if theme_settings.homepage_blog_posts_position '===' 'sidebar'}}\n    {{#if theme_settings.homepage_blog_posts_count '>' 0}}\n        {{> components/papa-supermarket/sidebar/blog posts=blog.recent_posts}}\n    {{/if}}\n    {{/if}}\n\n    {{> components/papa-supermarket/sidebar/facebook}}\n    <div data-emthemesmodez-remote-banner=\"emthemesModezBannersBlockSidebar02\"></div>\n</nav>\n","components/papa-supermarket/sidebar/categories-menu":"<div class=\"sidebarBlock sidebarBlock--verticalCategories\">\n    <div class=\"emthemesModez-navPages-verticalCategories-container\">\n        <a class=\"navPages-action has-subMenu\" data-collapsible=\"emthemesModez-verticalCategories-sidebar\"\n            data-collapsible-disabled-breakpoint=\"medium\"\n            data-collapsible-disabled-state=\"open\"\n            data-collapsible-enabled-state=\"closed\">{{theme_settings.navPages_categoriesItem_text}}</a>\n        <div class=\"emthemesModez-verticalCategories emthemesModez-verticalCategories--open\" id=\"emthemesModez-verticalCategories-sidebar\" aria-hidden=\"false\" tabindex=\"-1\">\n            <ul class=\"navPages-list navPages-list--categories\">\n                {{#each categories}}\n                    <li class=\"navPages-item{{#unless ../theme_settings.subcategories_menu_vertical}}{{#if ../../theme_settings.navPages_standard}} navPages-item--standard{{/if}}{{/unless}}\">\n                        {{> components/common/navigation-list idSuffix='-sidebar' theme_settings=../theme_settings category=../category}}\n                    </li>\n                {{/each}}\n            </ul>\n        </div>\n    </div>\n</div>\n{{#if page_type \"===\" \"category\"}}\n    {{inject \"enableVerticalCurrentCategory\" true}}\n{{/if}}\n","components/papa-supermarket/sidebar/blog":"{{#if posts}}\n<div class=\"sidebarBlock sidebarBlock--blog\">\n    <h5 class=\"sidebarBlock-heading\" data-collapsible=\"#sidebar-blog-navList\" data-collapsible-disabled-breakpoint=\"medium\" aria-expanded=\"false\">{{lang 'blog.recent_posts'}}</h5>\n    <ul class=\"navList\">\n        {{#each posts}}\n        <li class=\"navList-item\">\n            {{> components/blog/post post=this hide_social_icons=true settings=../settings hide_summary=../hide_summary hide_readmore=../hide_readmore}}\n        </li>\n        {{/each}}\n    </ul>\n</div>\n{{/if}}\n","components/papa-supermarket/sidebar/facebook":"{{#if theme_settings.fb_page '!==' ''}}\n<div class=\"sidebarBlock sidebarBlock--fbPage emthemesModezBannersBlockSidebar02\">\n    <div class=\"fb-page\" data-href=\"https://www.facebook.com/{{theme_settings.fb_page}}/\" data-tabs=\"messages\" data-height=\"300\" data-small-header=\"false\" data-adapt-container-width=\"true\" data-hide-cover=\"false\" data-show-facepile=\"true\"><blockquote cite=\"https://www.facebook.com/{{theme_settings.fb_page}}/\" class=\"fb-xfbml-parse-ignore\"><a href=\"https://www.facebook.com/{{theme_settings.fb_page}}/\">{{theme_settings.fb_page}}</a></blockquote></div>\n</div>\n{{/if}}\n","components/papa-supermarket/sidebar/brands":"<div class=\"sidebarBlock sidebarBlock--navList sidebarBlock--brands sidebarBlock--mobileCollapsible\">\n    <h5 class=\"sidebarBlock-heading\" data-collapsible=\"#brands-navList\" data-collapsible-disabled-breakpoint=\"medium\" aria-expanded=\"false\">{{lang 'footer.brands'}}</h5>\n    <ul id=\"brands-navList\" class=\"navList\" aria-hidden=\"true\">\n        {{#each shop_by_brand}}\n        <li class=\"navList-item\"><a class=\"navList-action\" href=\"{{url}}\" alt=\"{{name}}\" title=\"{{name}}\">{{name}}</a></li>\n        {{/each}}\n        <li class=\"navList-item\"><a href=\"{{urls.brands}}\">{{lang 'common.view_all'}}</a></li>\n    </ul>\n</div>\n","components/common/navigation-list":"{{#if children}}\n<a class=\"navPages-action has-subMenu {{#if theme_settings.subcategories_menu_vertical}}navPages-action--vertical{{/if}}\" href=\"{{url}}\"\n    {{#if id '==' category.id}}data-current-category{{/if}}\n    data-collapsible=\"navPages-{{id}}{{idSuffix}}\"\n    {{#unless theme_settings.subcategories_menu_vertical}}data-collapsible-disabled-breakpoint=\"medium\"{{/unless}}\n    data-collapsible-disabled-state=\"open\"\n    data-collapsible-enabled-state=\"closed\">\n    {{name}} <i class=\"icon navPages-action-moreIcon\" aria-hidden=\"true\"><svg><use xlink:href=\"#icon-chevron-down\" /></svg></i>\n</a>\n<div class=\"navPage-subMenu\n        {{#if theme_settings.subcategories_menu_vertical}}\n            navPage-subMenu--vertical\n        {{else if theme_settings.navPages_standard}}\n            navPage-subMenu--standard\n        {{/if}}\n    \" id=\"navPages-{{id}}{{idSuffix}}\" aria-hidden=\"true\" tabindex=\"-1\">\n    <ul class=\"navPage-subMenu-list\">\n        <li class=\"navPage-subMenu-item\">\n            <a class=\"navPage-subMenu-action navPages-action\" href=\"{{url}}\">{{lang 'category.view_all.name' category=name}}</a>\n        </li>\n        {{#each children}}\n            <li class=\"navPage-subMenu-item\">\n                {{#if children}}\n                    <a\n                        class=\"navPage-subMenu-action navPages-action has-subMenu\"\n                        href=\"{{url}}\"\n                        {{#if id '==' ../../category.id}}data-current-category{{/if}}\n                        data-collapsible=\"navPages-{{id}}{{../../idSuffix}}\"\n                        {{#unless ../../theme_settings.subcategories_menu_vertical}}data-collapsible-disabled-breakpoint=\"medium\"{{/unless}}\n                        data-collapsible-disabled-state=\"open\"\n                        data-collapsible-enabled-state=\"closed\">\n                        {{name}} <i class=\"icon navPages-action-moreIcon\" aria-hidden=\"true\"><svg><use xlink:href=\"#icon-chevron-down\" /></svg></i>\n                    </a>\n                    <ul class=\"navPage-childList\" id=\"navPages-{{id}}{{../../idSuffix}}\">\n                        <li class=\"navPage-childList-item\">\n                            <a class=\"navPage-childList-action navPages-action\" href=\"{{url}}\">{{lang 'category.view_all.name' category=name}}</a>\n                        </li>\n                        {{#each children}}\n                        <li class=\"navPage-childList-item\">\n                            {{> components/common/navigation-list-child \n                                    category_id=../../../category.id \n                                    idSuffix=../../../idSuffix \n                                    theme_settings=../../../theme_settings}}\n                        </li>\n                        {{/each}}\n                    </ul>\n                {{else}}\n                    <a class=\"navPage-subMenu-action navPages-action\" href=\"{{url}}\" {{#if id '==' ../../category.id}}data-current-category{{/if}}>{{name}}</a>\n                {{/if}}\n            </li>\n        {{/each}}\n    </ul>\n</div>\n{{else}}\n<a class=\"navPages-action\" href=\"{{url}}\" {{#if id '==' category.id}}data-current-category{{/if}}>{{name}}</a>\n{{/if}}\n","components/blog/post":"<article class=\"blog {{#if show_tags}}{{#if post.tags}}blog--has-tags{{/if}}{{/if}} {{#unless hide_social_icons}}blog--has-socials{{/unless}}\">\n    <div class=\"blog-post-figure\">\n        {{#if post.thumbnail}}\n            <figure class=\"blog-thumbnail\">\n                <a href=\"{{post.url}}\">\n                    <img class=\"lazyload\" data-sizes=\"auto\" src=\"{{cdn 'img/loading.svg'}}\" data-src=\"{{getImage post.thumbnail 'blog_size'}}\" alt=\"{{post.thumbnail.alt}}\" title=\"{{post.thumbnail.alt}}\">\n                </a>\n            </figure>\n        {{/if}}\n    </div>\n\n    <div class=\"blog-post-body\">\n        <header class=\"blog-header\">\n            {{#if single}}\n                <h1 class=\"blog-title\">\n                    <a href=\"{{post.url}}\">{{post.title}}</a>\n                </h1>\n            {{else}}\n                <h2 class=\"blog-title\">\n                    <a href=\"{{post.url}}\">{{post.title}}</a>\n                </h2>\n            {{/if}}\n        </header>\n\n        <div class=\"blog-post\">\n            {{#if post.body}}\n                {{{post.body}}}\n                <div class=\"blog-date\"><span class=\"blog-date-date\">{{post.date_published}}{{#if post.author}}</span> <span class=\"blog-date-author\">{{lang 'blog.posted_by' name=post.author}}{{/if}}</span></div>\n            {{else}}\n                {{#unless hide_summary}}\n                    <div class=\"blog-summary\">\n                        {{{post.summary}}}\n                        {{#if post.show_read_more}}\n                            &hellip; \n                        {{/if}}\n                    </div>\n                {{/unless}}\n\n                <div class=\"blog-dateContainer\">\n                    {{#unless hide_readmore}}\n                    {{#if post.show_read_more}}\n                        <div class=\"blog-readmore\"><a href=\"{{url}}\">read more</a></div>\n                    {{/if}}\n                    {{/unless}}\n                    <div class=\"blog-date\"><span class=\"blog-date-date\">{{post.date_published}}{{#if post.author}}</span> <span class=\"blog-date-author\">{{lang 'blog.posted_by' name=post.author}}{{/if}}</span></div>\n                </div>\n            {{/if}}\n        </div>\n\n        {{#if show_tags}}\n            {{#if post.tags}}\n                <ul class=\"tags\">\n                    {{#each post.tags}}\n                    <li class=\"tag\">\n                        <a href=\"{{url}}\">#{{name}}</a>\n                    </li>\n                    {{/each}}\n                </ul>\n            {{/if}}\n        {{/if}}\n\n        {{#unless hide_social_icons}}\n            {{>components/common/share}}\n        {{/unless}}\n\n    </div>\n</article>\n","components/common/share":"{{#if settings.add_this.buttons}}\n    <div class=\"addthis_toolbox addthis_32x32_style\" addthis:url=\"{{url}}\"\n         addthis:title=\"{{title}}\">\n        <ul class=\"socialLinks socialLinks--alt\">\n            {{#each settings.add_this.buttons}}\n                <li class=\"socialLinks-item socialLinks-item--{{service}}\">\n                    <a class=\"{{#if service '!==' 'facebook_like'}}addthis_button_{{service}} {{/if}}icon icon--{{service}}\" {{{annotation}}}>\n                        {{#if service '===' 'google_plusone'}}\n                            <!-- No custom icons allowed with g+ -->\n                        {{/if}}\n\n                        {{#if service '===' 'facebook'}}\n                            <svg>\n                                <use xlink:href=\"#icon-facebook\"/>\n                            </svg>\n                        {{/if}}\n\n                        {{#if service '===' 'email'}}\n                            <svg>\n                                <use xlink:href=\"#icon-envelope\"/>\n                            </svg>\n                        {{/if}}\n\n                        {{#if service '===' 'print'}}\n                            <svg>\n                                <use xlink:href=\"#icon-print\"/>\n                            </svg>\n                        {{/if}}\n\n                        {{#if service '===' 'twitter'}}\n                            <svg>\n                                <use xlink:href=\"#icon-twitter\"/>\n                            </svg>\n                        {{/if}}\n\n                        {{#if service '===' 'linkedin'}}\n                            <svg>\n                                <use xlink:href=\"#icon-linkedin\"/>\n                            </svg>\n                        {{/if}}\n\n                        {{#if service '===' 'google'}}\n                            <svg>\n                                <use xlink:href=\"#icon-google\"/>\n                            </svg>\n                        {{/if}}\n\n                        {{#if service '===' 'pinterest'}}\n                            <svg>\n                                <use xlink:href=\"#icon-pinterest\"/>\n                            </svg>\n                        {{/if}}\n\n                        {{#if service '===' 'facebook_like'}}\n                            <iframe src=\"https://www.facebook.com/plugins/like.php?href={{#if ../../product}}{{encodeURI ../../../product.url}}{{else}}{{encodeURI ../../../post.url}}{{/if}}&amp;width=79&amp;layout=button_count&amp;action=like&amp;size=small&amp;show_faces=false&amp;share=false&amp;height=21&amp;appId=140586622674265\" width=\"79\" height=\"21\" style=\"border:none;overflow:hidden\" scrolling=\"no\" frameborder=\"0\" allowTransparency=\"true\" allow=\"encrypted-media\"></iframe>\n                        {{/if}}\n                    </a>\n                </li>\n            {{/each}}\n        </ul>\n        <script type=\"text/javascript\"\n                src=\"//s7.addthis.com/js/300/addthis_widget.js#pubid=ra-4e94ed470ee51e32\"></script>\n        <script>\n            if (typeof(addthis) === \"object\") {\n                addthis.toolbox('.addthis_toolbox');\n            }\n        </script>\n    </div>\n{{/if}}\n","components/common/navigation-list-child":"{{#if children}}\n    <a\n        class=\"navPage-childList-action navPages-action has-subMenu\" \n        href=\"{{url}}\"\n        {{#if id '==' category_id}}data-current-category{{/if}}\n        data-collapsible=\"navPages-{{id}}{{idSuffix}}\"\n        {{#unless theme_settings.subcategories_menu_vertical}}data-collapsible-disabled-breakpoint=\"medium\"{{/unless}}\n        data-collapsible-disabled-state=\"open\"\n        data-collapsible-enabled-state=\"closed\">\n        {{name}} <i class=\"icon navPages-action-moreIcon\" aria-hidden=\"true\"><svg><use xlink:href=\"#icon-chevron-down\" /></svg></i>\n    </a>\n    <ul class=\"navPage-childList\" id=\"navPages-{{id}}{{idSuffix}}\">\n        <li class=\"navPage-childList-item\">\n            <a class=\"navPage-childList-action navPages-action\" href=\"{{url}}\">{{lang 'category.view_all.name' category=name}}</a>\n        </li>\n        {{#each children}}\n            <li class=\"navPage-childList-item\">\n                {{> components/common/navigation-list-child \n                    category_id=../category_id \n                    idSuffix=../idSuffix \n                    theme_settings=../theme_settings}}\n            </li>\n        {{/each}}\n    </ul>\n{{else}}\n    <a class=\"navPage-childList-action navPages-action\" href=\"{{url}}\" {{#if id '==' category_id}}data-current-category{{/if}}>{{name}}</a>\n{{/if}}\n"}