{"pages/blog-post":"---\nproducts:\n    new:\n        limit: 5\nblog:\n    recent_posts:\n        limit: 10\n---\n{{#partial \"page\"}}\n\n<div class=\"page u-emthemesModez-page-responsiveSidebar\">\n\n    <aside class=\"page-sidebar\">\n        {{> components/emthemes-modez/blog/sidebar}}\n    </aside>\n\n    <main class=\"page-content\">\n        <div class=\"page-content-header\">\n            {{> components/common/breadcrumbs breadcrumbs=breadcrumbs}}\n        </div>\n        <div class=\"page-content-body\">\n            {{> components/blog/post post=blog.post show_tags=true single=true}}\n\n    \t\t<div class=\"emthemesModez-blog-bottomSection\">\n            \t{{> components/emthemes-modez/blog/featured posts=(limit blog.recent_posts 3)}}\n            </div>\n        </div>\n    </main>\n\n</div>\n\n{{/partial}}\n{{> layout/base}}\n","components/emthemes-modez/blog/sidebar":"{{#if theme_settings.layout '===' 'left-sidebar'}}\n    {{> components/papa-supermarket/home/sidebar}}\n{{else}}\n<nav class=\"navList navList--aside\">\n    \n    {{#if theme_settings.layout '===' 'left-sidebar'}}\n        {{> components/papa-supermarket/sidebar/categories-menu}}\n    {{/if}}\n\n\n    <div class=\"sidebarBlock\">\n    \t<h5 class=\"sidebarBlock-heading\">{{lang 'products.new'}}</h5>\n    \t<ul class=\"productList\" data-product-type=\"new\">\n\t        {{#each products.new}}\n\t            <li class=\"product\">\n\t                {{>components/products/list-item \n\t                \tshow_rating=false\n\t                \tsummary=false\n\t                \thide_add_to_cart=true\n\t                \tshow_compare=../show_compare \n\t                \tshow_rating=../settings.show_product_rating \n                        hide_product_quick_view=true\n\t                \ttheme_settings=../theme_settings customer=../customer}}\n\t            </li>\n\t        {{/each}}\n\t    </ul>\t\n    </div>\n    \n</nav>\n{{/if}}\n","components/blog/post":"<article class=\"blog {{#if show_tags}}{{#if post.tags}}blog--has-tags{{/if}}{{/if}} {{#unless hide_social_icons}}blog--has-socials{{/unless}}\">\n    <div class=\"blog-post-figure\">\n        {{#if post.thumbnail}}\n            <figure class=\"blog-thumbnail\">\n                <a href=\"{{post.url}}\">\n                    <img class=\"lazyload\" data-sizes=\"auto\" src=\"{{cdn 'img/loading.svg'}}\" data-src=\"{{getImage post.thumbnail 'blog_size'}}\" alt=\"{{post.thumbnail.alt}}\" title=\"{{post.thumbnail.alt}}\">\n                </a>\n            </figure>\n        {{/if}}\n    </div>\n\n    <div class=\"blog-post-body\">\n        <header class=\"blog-header\">\n            {{#if single}}\n                <h1 class=\"blog-title\">\n                    <a href=\"{{post.url}}\">{{post.title}}</a>\n                </h1>\n            {{else}}\n                <h2 class=\"blog-title\">\n                    <a href=\"{{post.url}}\">{{post.title}}</a>\n                </h2>\n            {{/if}}\n        </header>\n\n        <div class=\"blog-post\">\n            {{#if post.body}}\n                {{{post.body}}}\n                <div class=\"blog-date\"><span class=\"blog-date-date\">{{post.date_published}}{{#if post.author}}</span> <span class=\"blog-date-author\">{{lang 'blog.posted_by' name=post.author}}{{/if}}</span></div>\n            {{else}}\n                {{#unless hide_summary}}\n                    <div class=\"blog-summary\">\n                        {{{post.summary}}}\n                        {{#if post.show_read_more}}\n                            &hellip; \n                        {{/if}}\n                    </div>\n                {{/unless}}\n\n                <div class=\"blog-dateContainer\">\n                    {{#unless hide_readmore}}\n                    {{#if post.show_read_more}}\n                        <div class=\"blog-readmore\"><a href=\"{{url}}\">read more</a></div>\n                    {{/if}}\n                    {{/unless}}\n                    <div class=\"blog-date\"><span class=\"blog-date-date\">{{post.date_published}}{{#if post.author}}</span> <span class=\"blog-date-author\">{{lang 'blog.posted_by' name=post.author}}{{/if}}</span></div>\n                </div>\n            {{/if}}\n        </div>\n\n        {{#if show_tags}}\n            {{#if post.tags}}\n                <ul class=\"tags\">\n                    {{#each post.tags}}\n                    <li class=\"tag\">\n                        <a href=\"{{url}}\">#{{name}}</a>\n                    </li>\n                    {{/each}}\n                </ul>\n            {{/if}}\n        {{/if}}\n\n        {{#unless hide_social_icons}}\n            {{>components/common/share}}\n        {{/unless}}\n\n    </div>\n</article>\n","components/common/breadcrumbs":"<ul class=\"breadcrumbs\" itemscope itemtype=\"http://schema.org/BreadcrumbList\">\n    {{#each breadcrumbs}}\n        {{#if url}}\n            <li class=\"breadcrumb {{#if @last}}is-active{{/if}}\" itemprop=\"itemListElement\" itemscope itemtype=\"http://schema.org/ListItem\">\n                <a href=\"{{url}}\" class=\"breadcrumb-label\" itemprop=\"item\">\n                    <span itemprop=\"name\">{{name}}</span>\n                    <meta itemprop=\"position\" content=\"{{@index}}\" />\n                </a>\n            </li>\n        {{else}}\n            <li class=\"breadcrumb {{#if @last}}is-active{{/if}}\">\n                <span class=\"breadcrumb-label\">{{name}}</span>\n            </li>\n        {{/if}}\n    {{/each}}\n</ul>\n","components/emthemes-modez/blog/featured":"<h2 class=\"page-heading {{#if style}}page-heading--blogGrid-{{style}}{{/if}}\">{{lang 'blog.recent_posts' }}</h2>\n\n<ul class=\"emthemesModez-blogGrid {{#if style}}emthemesModez-blogGrid--{{style}}{{/if}}\">\n\t{{#each posts}}\n\t\t<li class=\"emthemesModez-blogItem\">\n\t    \t{{> components/blog/post post=this hide_social_icons=true settings=../settings hide_summary=../hide_summary hide_readmore=../hide_readmore}}\n\t    </li>\n\t{{/each}}\n</ul>\n","layout/base":"<!DOCTYPE html>\n<html class=\"no-js\" lang=\"{{ locale_name }}\">\n    <head>\n        <title>{{ head.title }}</title>\n        {{{ resourceHints }}}\n        {{{ head.meta_tags }}}\n        {{{ head.config }}}\n        {{#block \"head\"}} {{/block}}\n\n        <link href=\"{{ head.favicon }}\" rel=\"shortcut icon\">\n        <meta name=\"viewport\" content=\"width=device-width, initial-scale=1\">\n\n        <script>\n            // Change document class from no-js to js so we can detect this in css\n            document.documentElement.className = document.documentElement.className.replace('no-js', 'js');\n        </script>\n\n        {{ getFontsCollection }}\n        {{{stylesheet '/assets/css/theme.css'}}}\n\n        {{{head.scripts}}}\n        {{{head.rsslinks}}}\n\n        {{inject 'themeSettings' theme_settings}}\n        {{inject 'genericError' (lang 'common.generic_error')}}\n        {{inject 'maintenanceMode' settings.maintenance}}\n        {{inject 'urls' urls}}\n        {{{snippet 'htmlhead'}}}\n    </head>\n    <body class=\"csscolumns papaSupermarket-layout--{{theme_settings.layout}} \n        papaSupermarket-style--{{theme_settings.style}}\n        papaSupermarket-page--{{dashcase template}} \n        {{#if theme_settings.product_uniform}}emthemesModez-productUniform{{/if}}\n        {{#if theme_settings.hide_content_navigation}}papaSupermarket--hideContentNav{{/if}}\n        {{#if product_results.faceted_search_enabled}}has-faceted{{/if}}\n        {{#if category.faceted_search_enabled}}has-faceted{{/if}}\n        {{#if brands.faceted_search_enabled}}has-faceted{{/if}}\n        {{#if brand.faceted_search_enabled}}has-faceted{{/if}}\n        {{#if result_count '>' 0}}has-result{{/if}}\n        \" id=\"topOfPage\">\n\n        {{#if theme_settings.fb_page '!==' ''}}\n        <!-- Facebook SDK -->\n        <div id=\"fb-root\"></div>\n        <script>(function(d, s, id) {\n          var js, fjs = d.getElementsByTagName(s)[0];\n          if (d.getElementById(id)) return;\n          js = d.createElement(s); js.id = id;\n          js.src = \"//connect.facebook.net/en_US/sdk.js#xfbml=1&version=v2.10&appId=378187145615477\";\n          fjs.parentNode.insertBefore(js, fjs);\n        }(document, 'script', 'facebook-jssdk'));</script>\n        {{/if}}\n\n        {{{snippet 'header'}}}\n        <svg data-src=\"{{cdn 'img/icon-sprite.svg'}}\" class=\"icons-svg-sprite\"></svg>\n\n        {{#if settings.privacy_cookie}}\n            {{> components/common/cookie}}\n        {{/if}}\n\n        {{> components/common/header }}\n        {{> components/common/body }}\n        {{> components/common/footer }}\n\n        <script>window.__webpack_public_path__ = \"{{cdn 'assets/dist/'}}\";</script>\n        <script src=\"{{cdn 'assets/dist/theme-bundle.main.js'}}\"></script>\n        <script>\n            // Exported in app.js\n            window.stencilBootstrap(\"{{page_type}}\", {{jsContext}}).load();\n        </script>\n\n        {{{footer.scripts}}}\n        {{{snippet 'footer'}}}\n    </body>\n</html>\n","components/papa-supermarket/home/sidebar":"<nav class=\"navList navList--aside\">\n    \n    {{> components/papa-supermarket/sidebar/categories-menu}}\n    {{#if theme_settings.show_shop_by_brand}}\n        {{> components/papa-supermarket/sidebar/brands}}\n    {{/if}}\n\n    <div data-emthemesmodez-remote-banner=\"emthemesModezBannersBlockSidebar01\"></div>\n\n    {{#if theme_settings.homepage_blog_posts_position '===' 'sidebar'}}\n    {{#if theme_settings.homepage_blog_posts_count '>' 0}}\n        {{> components/papa-supermarket/sidebar/blog posts=blog.recent_posts}}\n    {{/if}}\n    {{/if}}\n\n    {{> components/papa-supermarket/sidebar/facebook}}\n    <div data-emthemesmodez-remote-banner=\"emthemesModezBannersBlockSidebar02\"></div>\n</nav>\n","components/products/list-item":"<article class=\"listItem\">\n    <figure class=\"listItem-figure\">\n        <img class=\"listItem-image lazyload\" data-sizes=\"auto\" src=\"{{cdn 'img/loading.svg'}}\" data-src=\"{{getImage image 'productgallery_size' (cdn theme_settings.default_image_product)}}\" alt=\"{{image.alt}}\" title=\"{{image.alt}}\">\n    </figure>\n    <div class=\"listItem-body\">\n        <div class=\"listItem-content\">\n            <div class=\"listItem-details\">\n                {{#and rating show_rating}}\n                    <p class=\"listItem-rating\"><span class=\"rating--small\">{{> components/products/ratings rating=rating}}</span></p>\n                {{/and}}\n                {{#if brand.name}}\n                <p class=\"listItem-brand\">{{brand.name}}</p>\n                {{/if}}\n                <h4 class=\"listItem-title\">\n                    <a href=\"{{url}}\">{{name}}</a>\n                </h4>\n                {{#if summary}}\n                    <p>{{{summary}}}</p>\n                {{/if}}\n            </div>\n            <div class=\"listItem-actions\">\n                {{#if price}}\n                    <div class=\"listItem-price\">\n                        {{#or customer (if theme_settings.restrict_to_login '!==' true)}}\n                            {{> components/products/price price=price customer=customer}}\n                        {{else}}\n                            {{> components/common/login-for-pricing}}\n                        {{/or}}\n                    </div>\n                {{/if}}\n                <div class=\"listItem-buttons\">\n                {{#if show_cart_action}}\n                {{#unless hide_add_to_cart}}\n                    {{#if has_options}}\n                        <a href=\"{{url}}\" class=\"button button--small button--primary{{#unless hide_product_quick_view}}{{#if theme_settings.show_product_quick_view}}{{#if theme_settings.ajax_add_to_cart}} quickview-alt{{/if}}{{/if}}{{/unless}}\" data-product-id=\"{{id}}\">{{lang \"products.choose_options\"}}</a>\n                    {{else}}\n                        {{#if out_of_stock_message }}\n                        <a href=\"{{url}}\" class=\"button button--small button--primary\">{{out_of_stock_message}}</a>\n                        {{else}}\n                        <a href=\"{{add_to_cart_url}}\" class=\"button button--small button--primary\"{{#if theme_settings.ajax_add_to_cart}} data-emthemesmodez-cart-item-add{{/if}}>{{lang \"products.add_to_cart\"}}</a>\n                        {{/if}}\n                    {{/if}}\n                {{/unless}}\n                {{/if}}\n                {{#if show_compare}}\n                    <label class=\"button button--small\" for=\"compare-{{id}}\">\n                        {{lang \"products.compare\"}} <input type=\"checkbox\" name=\"products[]\" value=\"{{id}}\" id=\"compare-{{id}}\" data-compare-id=\"{{id}}\">\n                    </label>\n                {{/if}}\n                {{#unless hide_product_quick_view}}\n                    {{#if theme_settings.show_product_quick_view}}\n                        <a href=\"#\" class=\"button button--small quickview\" data-product-id=\"{{id}}\">{{lang 'products.quick_view'}}</a>\n                    {{/if}}\n                {{/unless}}\n                </div>\n            </div>\n        </div>\n    </div>\n</article>\n","components/papa-supermarket/sidebar/categories-menu":"<div class=\"sidebarBlock sidebarBlock--verticalCategories\">\n    <div class=\"emthemesModez-navPages-verticalCategories-container\">\n        <a class=\"navPages-action has-subMenu\" data-collapsible=\"emthemesModez-verticalCategories-sidebar\"\n            data-collapsible-disabled-breakpoint=\"medium\"\n            data-collapsible-disabled-state=\"open\"\n            data-collapsible-enabled-state=\"closed\">{{theme_settings.navPages_categoriesItem_text}}</a>\n        <div class=\"emthemesModez-verticalCategories emthemesModez-verticalCategories--open\" id=\"emthemesModez-verticalCategories-sidebar\" aria-hidden=\"false\" tabindex=\"-1\">\n            <ul class=\"navPages-list navPages-list--categories\">\n                {{#each categories}}\n                    <li class=\"navPages-item{{#unless ../theme_settings.subcategories_menu_vertical}}{{#if ../../theme_settings.navPages_standard}} navPages-item--standard{{/if}}{{/unless}}\">\n                        {{> components/common/navigation-list idSuffix='-sidebar' theme_settings=../theme_settings category=../category}}\n                    </li>\n                {{/each}}\n            </ul>\n        </div>\n    </div>\n</div>\n{{#if page_type \"===\" \"category\"}}\n    {{inject \"enableVerticalCurrentCategory\" true}}\n{{/if}}\n","components/common/cookie":"<div class=\"cookieMessage\">\n    <div class=\"cookieMessage-container\">\n        <div class=\"cookieMessage-text\">\n            <p>{{settings.privacy_cookie}}</p>\n        </div>\n        <button class=\"button button--primary button--small\" data-privacy-accept>{{lang 'cookies.accept'}}</button>\n    </div>\n</div>\n","components/common/share":"{{#if settings.add_this.buttons}}\n    <div class=\"addthis_toolbox addthis_32x32_style\" addthis:url=\"{{url}}\"\n         addthis:title=\"{{title}}\">\n        <ul class=\"socialLinks socialLinks--alt\">\n            {{#each settings.add_this.buttons}}\n                <li class=\"socialLinks-item socialLinks-item--{{service}}\">\n                    <a class=\"{{#if service '!==' 'facebook_like'}}addthis_button_{{service}} {{/if}}icon icon--{{service}}\" {{{annotation}}}>\n                        {{#if service '===' 'google_plusone'}}\n                            <!-- No custom icons allowed with g+ -->\n                        {{/if}}\n\n                        {{#if service '===' 'facebook'}}\n                            <svg>\n                                <use xlink:href=\"#icon-facebook\"/>\n                            </svg>\n                        {{/if}}\n\n                        {{#if service '===' 'email'}}\n                            <svg>\n                                <use xlink:href=\"#icon-envelope\"/>\n                            </svg>\n                        {{/if}}\n\n                        {{#if service '===' 'print'}}\n                            <svg>\n                                <use xlink:href=\"#icon-print\"/>\n                            </svg>\n                        {{/if}}\n\n                        {{#if service '===' 'twitter'}}\n                            <svg>\n                                <use xlink:href=\"#icon-twitter\"/>\n                            </svg>\n                        {{/if}}\n\n                        {{#if service '===' 'linkedin'}}\n                            <svg>\n                                <use xlink:href=\"#icon-linkedin\"/>\n                            </svg>\n                        {{/if}}\n\n                        {{#if service '===' 'google'}}\n                            <svg>\n                                <use xlink:href=\"#icon-google\"/>\n                            </svg>\n                        {{/if}}\n\n                        {{#if service '===' 'pinterest'}}\n                            <svg>\n                                <use xlink:href=\"#icon-pinterest\"/>\n                            </svg>\n                        {{/if}}\n\n                        {{#if service '===' 'facebook_like'}}\n                            <iframe src=\"https://www.facebook.com/plugins/like.php?href={{#if ../../product}}{{encodeURI ../../../product.url}}{{else}}{{encodeURI ../../../post.url}}{{/if}}&amp;width=79&amp;layout=button_count&amp;action=like&amp;size=small&amp;show_faces=false&amp;share=false&amp;height=21&amp;appId=140586622674265\" width=\"79\" height=\"21\" style=\"border:none;overflow:hidden\" scrolling=\"no\" frameborder=\"0\" allowTransparency=\"true\" allow=\"encrypted-media\"></iframe>\n                        {{/if}}\n                    </a>\n                </li>\n            {{/each}}\n        </ul>\n        <script type=\"text/javascript\"\n                src=\"//s7.addthis.com/js/300/addthis_widget.js#pubid=ra-4e94ed470ee51e32\"></script>\n        <script>\n            if (typeof(addthis) === \"object\") {\n                addthis.toolbox('.addthis_toolbox');\n            }\n        </script>\n    </div>\n{{/if}}\n","components/common/header":"{{#if banners.top}}\n<div class=\"banners\" data-banner-location=\"top\">\n    {{#each banners.top}}\n        {{#if (occurrences this 'emthemesModezBannersBlock') '===' 0}}\n            <div class=\"banner\">\n                {{{this}}}\n            </div>\n        {{/if}}\n    {{/each}}\n</div>\n{{/if}}\n<header class=\"header\" role=\"banner\">\n    <a href=\"#\" class=\"mobileMenu-toggle\" data-mobile-menu-toggle=\"menu\">\n        <span class=\"mobileMenu-toggleIcon\">Toggle menu</span>\n    </a>\n\n    <div class=\"emthemesModez-header-topSection\">\n        <div class=\"container\">\n            {{> components/common/navigation-top}}\n        </div>\n    </div>\n\n    <div class=\"emthemesModez-header-userSection emthemesModez-header-userSection--logo-{{theme_settings.logo-position}}\"{{#if theme_settings.header_sticky}} data-stickymenu{{/if}}>\n        <div class=\"container\">\n            {{> components/common/navigation}}\n\n            {{#if template_file '===' 'pages/home'}}\n                <h1 class=\"header-logo header-logo--{{theme_settings.logo-position}}\">\n                    {{> components/common/store-logo}}\n                </h1>\n            {{else}}\n                <div class=\"header-logo header-logo--{{theme_settings.logo-position}}\">\n                    {{> components/common/store-logo}}\n                </div>\n            {{/if}}\n\n            {{> components/common/quick-search}}\n        </div>\n    </div>\n\n    <div class=\"navPages-container{{#if theme_settings.navPages_bg_stretch}} navPages-container--bg{{/if}}\" id=\"menu\" data-menu>\n        <div class=\"container\">\n            {{> components/common/navigation-menu}}\n        </div>\n    </div>\n\n</header>\n\n{{> components/common/quick-search style=\"mobileOnly\"}}\n\n<div class=\"dropdown dropdown--quickSearch\" id=\"quickSearch\" aria-hidden=\"true\" tabindex=\"-1\" data-prevent-quick-search-close>\n    <div class=\"container\">\n        <section class=\"quickSearchResults\" data-bind=\"html: results\"></section>\n    </div>\n</div>\n<div class=\"emthemesModez-overlay\"></div>\n\n{{#if theme_settings.bannerAfterHeader '===' 'all'}}\n    <div data-emthemesmodez-remote-banner=\"emthemesModezBannersBlockAfterHeader\"></div>\n{{else if theme_settings.bannerAfterHeader '===' 'nothome'}}\n    {{#unless template '===' 'pages/home'}}\n        <div data-emthemesmodez-remote-banner=\"emthemesModezBannersBlockAfterHeader\"></div>\n    {{/unless}}\n{{/if}}\n","components/common/body":"<div class=\"body\">\n    {{#block \"hero\"}} {{/block}}\n    <div class=\"container\">\n        {{#block \"page\"}} {{/block}}\n    </div>\n    {{> components/common/modal}}\n</div>\n\n<div class=\"scrollToTop\">\n    <a href=\"#topOfPage\" class=\"button u-hiddenVisually\" id=\"scrollToTopFloatingButton\" title=\"{{lang 'common.top_of_page'}}\"><i class=\"fa fa-chevron-up\"></i></a>\n</div>\n","components/common/footer":"\n{{#if banners.bottom}}\n<div class=\"container\">\n    <div class=\"banners banners--bottom\" data-banner-location=\"bottom\">\n        <div class=\"banner\">\n            {{{limit banners.bottom 1}}}\n        </div>\n    </div>\n</div>\n{{/if}}\n\n{{#if settings.show_newsletter_box}}\n    {{#if theme_settings.nl_popup_show '===' 'home'}}\n        {{#if page_type '===' 'default'}}\n            {{> components/emthemes-modez/newsletter/modal}}\n        {{/if}}\n    {{else if theme_settings.nl_popup_show '===' 'all'}}\n        {{> components/emthemes-modez/newsletter/modal}}\n    {{/if}}\n{{/if}}\n\n<footer class=\"footer\" role=\"contentinfo\">\n    {{#if settings.show_newsletter_box}}\n    {{#if theme_settings.footer_show_newsletter}}\n    <div class=\"emthemesModez-footer-topColumns-wrapper\">\n        <div class=\"container\">\n            <div class=\"emthemesModez-footer-topColumns\">\n                <div class=\"emthemesModez-footer-newsletter\">\n                    {{> components/emthemes-modez/newsletter/section}}\n                </div>\n            </div>\n        </div>\n    </div>\n    {{/if}}\n    {{/if}}\n\n\n\n    <div class=\"container\">\n        <section class=\"footer-info\">\n\n            {{#if theme_settings.footer_show_aboutus}}\n                <article class=\"footer-info-col footer-info-col--about\" data-section-type=\"storeInfo\">\n                    <h5 class=\"footer-info-heading\">\n                        <div class=\"footer-logo\">\n                            {{> components/common/store-logo}}\n                        </div>\n                    </h5>\n\n                    {{#if theme_settings.footer_show_contact}}\n                        <ul class=\"fa-ul\">\n                            <li><i class=\"fa-li sl-icon-location-pin\"></i><address>{{nl2br settings.address}}</address></li>\n                            {{#if settings.phone_number}}\n                            <li><i class=\"fa-li sl-icon-phone\"></i><a href=\"tel:{{settings.phone_number}}\">{{lang 'footer.call_us' phone_number=settings.phone_number}}</a></li>\n                        \n                            {{/if}}\n                        </ul>\n                    {{/if}}\n\n                    {{#if theme_settings.social_icon_placement_bottom}}\n                        {{> components/common/social-links style=\"alt\"}}\n                    {{/if}}\n                </article>\n            {{/if}}\n            \n\n            {{#if theme_settings.footer_show_pages '>' -2}}\n                <article class=\"footer-info-col\" data-section-type=\"footer-webPages\">\n                    <h5 class=\"footer-info-heading\">{{lang 'footer.navigate'}}</h5>\n                    <ul class=\"footer-info-list\">\n                        {{#if theme_settings.footer_show_pages '>' -1}}\n                            {{#each (limit pages theme_settings.footer_show_pages)}}\n                                <li>\n                                    <a href=\"{{url}}\">{{name}}</a>\n                                </li>\n                            {{/each}}\n                        {{else}}\n                            {{#each pages}}\n                                <li>\n                                    <a href=\"{{url}}\">{{name}}</a>\n                                </li>\n                            {{/each}}\n                        {{/if}}\n                        <li>\n                            <a href=\"{{urls.sitemap}}\">{{lang 'sitemap.page_title'}}</a>\n                        </li>\n                    </ul>\n                </article>\n            {{/if}}\n\n            {{#if theme_settings.footer_show_categories '>' -1}}\n                <article class=\"footer-info-col\" data-section-type=\"footer-categories\">\n                    <h5 class=\"footer-info-heading\">{{lang 'footer.categories'}}</h5>\n                    <ul class=\"footer-info-list\">\n                        {{#if theme_settings.footer_show_categories '>' 0}}\n                            {{#each (limit categories theme_settings.footer_show_categories)}}\n                                <li>\n                                    <a href=\"{{url}}\">{{name}}</a>\n                                </li>\n                            {{/each}}\n                        {{else}}\n                            {{#each categories}}\n                                <li>\n                                    <a href=\"{{url}}\">{{name}}</a>\n                                </li>\n                            {{/each}}\n                        {{/if}}\n                    </ul>\n                </article>\n            {{/if}}\n            \n            \n            \n            {{#if theme_settings.footer_show_categories '>' -1}}\n                <article class=\"footer-info-col\" data-section-type=\"footer-categories\">\n                    <h5 class=\"footer-info-heading\">Our Locations</h5>\n                    <ul class=\"footer-info-list\">\n                                \n                                   <li>\nWe ship printed items from these locations: Cleveland, Toronto, Philadelphia, Dayton, Glendale, San Jose, Chicago, Moonachie (NJ), Salt Lake City, Raleight, Arlington (TX), Houston, Miami, Tampa Phoenix, Seattle, Boston, DC and Atlanta.</li><li>\n\nWe ship signs from Cleveland, Detroit, Toronto, Los Angeles, Omaha and many of our print facilities.</li>\n\n                    </ul>\n                </article>\n            {{/if}}\n            \n            \n            \n            \n\n            {{#if theme_settings.footer_show_links_1}}\n                {{> components/emthemes-modez/common/footer-links index=1}}\n            {{/if}}\n\n            {{#if theme_settings.footer_show_links_2}}\n                {{> components/emthemes-modez/common/footer-links index=2}}\n            {{/if}}\n            \n            {{#if theme_settings.footer_show_links_3}}\n                {{> components/emthemes-modez/common/footer-links index=3}}\n            {{/if}}\n            \n            {{#if theme_settings.footer_show_links_4}}\n                {{> components/emthemes-modez/common/footer-links index=4}}\n            {{/if}}\n\n\n            {{#if theme_settings.footer_show_brands}}\n                <article class=\"footer-info-col footer-info-col--brands\" data-section-type=\"footer-brands\">\n                    <h5 class=\"footer-info-heading\">{{lang 'footer.brands'}}</h5>\n                    <ul class=\"footer-info-list\">\n                        {{#each shop_by_brand}}\n                            <li>\n                                <a href=\"{{url}}\">{{name}}</a>\n                            </li>\n                        {{/each}}\n                        <li><a href=\"{{urls.brands}}\">{{lang 'common.view_all'}}</a></li>\n                    </ul>\n                </article>\n            {{/if}}\n\n        </section>\n    </div>\n\n    <div class=\"footer-copyright\">\n        <div class=\"container\">\n            <p class=\"powered-by\">\n                {{#if theme_settings.show_copyright_footer}}\n                    &copy; <span id=\"copyright_year\"></span> {{settings.store_name}}.\n                    <script type=\"text/javascript\">\n                        document.getElementById(\"copyright_year\").innerHTML = new Date().getFullYear();\n                    </script>\n                {{/if}}\n                {{#if theme_settings.show_powered_by}}\n                    <p width=\"600px\">We ship printed items from these locations:  <br>Cleveland, Toronto, Philadelphia, Dayton, \n                    Los Angeles, San Jose, Chicago, New York, Salt Lake City, Raleigh, Arlington (TX), Houston, Miami,  \n                    Tampa, Phoenix, Seattle, Boston, DC and Atlanta.<br> <br>\n                    We ship signs from Cleveland, Detroit, Toronto, Los Angeles, Omaha and many of our print facilities.</p>.\n                {{/if}}\n            </p>\n\n            {{> components/common/payment-icons}}\n\n            {{#if theme_settings.show_geotrust_ssl_seal}}\n                <div class=\"footer-geotrust-ssl-seal\">\n                    {{> components/common/geotrust-ssl-seal}}\n                </div>\n            {{/if}}\n        </div>\n    </div>\n</footer>\n","components/papa-supermarket/sidebar/brands":"<div class=\"sidebarBlock sidebarBlock--navList sidebarBlock--brands sidebarBlock--mobileCollapsible\">\n    <h5 class=\"sidebarBlock-heading\" data-collapsible=\"#brands-navList\" data-collapsible-disabled-breakpoint=\"medium\" aria-expanded=\"false\">{{lang 'footer.brands'}}</h5>\n    <ul id=\"brands-navList\" class=\"navList\" aria-hidden=\"true\">\n        {{#each shop_by_brand}}\n        <li class=\"navList-item\"><a class=\"navList-action\" href=\"{{url}}\" alt=\"{{name}}\" title=\"{{name}}\">{{name}}</a></li>\n        {{/each}}\n        <li class=\"navList-item\"><a href=\"{{urls.brands}}\">{{lang 'common.view_all'}}</a></li>\n    </ul>\n</div>\n","components/papa-supermarket/sidebar/facebook":"{{#if theme_settings.fb_page '!==' ''}}\n<div class=\"sidebarBlock sidebarBlock--fbPage emthemesModezBannersBlockSidebar02\">\n    <div class=\"fb-page\" data-href=\"https://www.facebook.com/{{theme_settings.fb_page}}/\" data-tabs=\"messages\" data-height=\"300\" data-small-header=\"false\" data-adapt-container-width=\"true\" data-hide-cover=\"false\" data-show-facepile=\"true\"><blockquote cite=\"https://www.facebook.com/{{theme_settings.fb_page}}/\" class=\"fb-xfbml-parse-ignore\"><a href=\"https://www.facebook.com/{{theme_settings.fb_page}}/\">{{theme_settings.fb_page}}</a></blockquote></div>\n</div>\n{{/if}}\n","components/papa-supermarket/sidebar/blog":"{{#if posts}}\n<div class=\"sidebarBlock sidebarBlock--blog\">\n    <h5 class=\"sidebarBlock-heading\" data-collapsible=\"#sidebar-blog-navList\" data-collapsible-disabled-breakpoint=\"medium\" aria-expanded=\"false\">{{lang 'blog.recent_posts'}}</h5>\n    <ul class=\"navList\">\n        {{#each posts}}\n        <li class=\"navList-item\">\n            {{> components/blog/post post=this hide_social_icons=true settings=../settings hide_summary=../hide_summary hide_readmore=../hide_readmore}}\n        </li>\n        {{/each}}\n    </ul>\n</div>\n{{/if}}\n","components/products/ratings":"{{#for 1 5}}\n    {{#if ../this.rating '>=' $index}}\n        <span class=\"icon icon--ratingFull\">\n            <svg>\n                <use xlink:href=\"#icon-star\" />\n            </svg>\n        </span>\n    {{else}}\n        <span class=\"icon icon--ratingEmpty\">\n            <svg>\n                <use xlink:href=\"#icon-star\" />\n            </svg>\n        </span>\n    {{/if}}\n{{/for}}\n{{{snippet 'product_rating'}}}\n","components/common/login-for-pricing":"<a class=\"price--login\" href=\"{{urls.auth.login}}\" translate>Log in for pricing</a>\n","components/products/price":"{{! Supermarket: \n    Add class: price-was-label, price--main\n}}\n{{!-- There are 2 code paths for generating the PDP pricing HTML determined by the following #and condition. \n    If a 'price_range' exists then we generate all HTML in price-range.html, otherwise it is defined here. Both code\n    paths generate the same HTML structure with some differences in whether that element is displayed by default (css styling).\n    \n    If you are making a change here or in price-range.html, you probably want to make that change in both files. --}}\n    \n    {{#and price.price_range (if theme_settings.price_ranges '==' true)}}\n        {{> components/products/price-range price=price schema_org=schema_org}}\n    {{else}}\n        {{#if price.with_tax}}\n            <div class=\"price-section price-section--withTax rrp-price--withTax\" {{#unless price.rrp_with_tax}}style=\"display: none;\"{{/unless}}>\n                <span class=\"price-was-label\">{{theme_settings.pdp-retail-price-label}}</span>\n                <span data-product-rrp-with-tax class=\"price price--rrp\">\n                    {{price.rrp_with_tax.formatted}}\n                </span>\n            </div>\n            <div class=\"price-section price-section--withTax\" {{#if schema_org}}itemprop=\"offers\" itemscope itemtype=\"http://schema.org/Offer\"{{/if}}>\n                <span class=\"price-label\" {{#if price.non_sale_price_with_tax}}style=\"display: none;\"{{/if}}>\n                    {{theme_settings.pdp-price-label}}\n                </span>\n                <span class=\"price-now-label\" {{#unless price.non_sale_price_with_tax}}style=\"display: none;\"{{/unless}}>\n                    {{theme_settings.pdp-sale-price-label}}\n                </span>\n                <span data-product-price-with-tax class=\"price price--withTax price--main\">{{price.with_tax.formatted}}</span>\n                {{#if schema_org}}\n                    <meta itemprop=\"availability\" content=\"{{product.availability}}\">\n                    <meta itemprop=\"itemCondition\" itemtype=\"http://schema.org/OfferItemCondition\" content=\"http://schema.org/{{product.condition}}Condition\">\n                    <div itemprop=\"priceSpecification\" itemscope itemtype=\"http://schema.org/PriceSpecification\">\n                        <meta itemprop=\"price\" content=\"{{price.with_tax.value}}\">\n                        <meta itemprop=\"priceCurrency\" content=\"{{currency_selector.active_currency_code}}\">\n                        <meta itemprop=\"valueAddedTaxIncluded\" content=\"true\">\n                    </div>\n                {{/if}}\n                {{#if price.without_tax}}\n                    <abbr title=\"{{lang 'products.including_tax'}}\">{{lang 'products.price_with_tax' tax_label=price.tax_label}}</abbr>\n                {{/if}}\n            </div>\n            <div class=\"price-section price-section--withTax non-sale-price--withTax\" {{#unless price.non_sale_price_with_tax}}style=\"display: none;\"{{/unless}}>\n                <span class=\"price-was-label\">{{theme_settings.pdp-non-sale-price-label}}</span>\n                <span data-product-non-sale-price-with-tax class=\"price price--non-sale\">\n                    {{price.non_sale_price_with_tax.formatted}}\n                </span>\n            </div>\n        {{/if}}\n        {{#if price.without_tax}}\n            <div class=\"price-section price-section--withoutTax rrp-price--withoutTax{{#if price.with_tax}} price-section--minor{{/if}}\" {{#unless price.rrp_without_tax}}style=\"display: none;\"{{/unless}}>\n                <span class=\"price-was-label\">{{theme_settings.pdp-retail-price-label}}</span>\n                <span data-product-rrp-price-without-tax class=\"price price--rrp\"> \n                    {{price.rrp_without_tax.formatted}}\n                </span>\n            </div>\n            <div class=\"price-section price-section--withoutTax\" {{#if schema_org}}itemprop=\"offers\" itemscope itemtype=\"http://schema.org/Offer\"{{/if}}>\n                <span class=\"price-label\" {{#if price.non_sale_price_without_tax}}style=\"display: none;\"{{/if}}>\n                    {{theme_settings.pdp-price-label}}\n                </span>\n                <span class=\"price-now-label\" {{#unless price.non_sale_price_without_tax}}style=\"display: none;\"{{/unless}}>\n                    {{theme_settings.pdp-sale-price-label}}\n                </span>\n                <span data-product-price-without-tax class=\"price price--withoutTax{{#if price.with_tax}} price-section--minor{{/if}} price--main\">{{price.without_tax.formatted}}</span>\n                {{#if schema_org}}\n                    <meta itemprop=\"availability\" itemtype=\"http://schema.org/ItemAvailability\"\n                        content=\"http://schema.org/{{#if product.pre_order}}PreOrder{{else if product.out_of_stock}}OutOfStock{{else if product.can_purchase '===' false}}OutOfStock{{else}}InStock{{/if}}\">\n                    <meta itemprop=\"itemCondition\" itemtype=\"http://schema.org/OfferItemCondition\" content=\"http://schema.org/{{product.condition}}Condition\">\n                    <div itemprop=\"priceSpecification\" itemscope itemtype=\"http://schema.org/PriceSpecification\">\n                        <meta itemprop=\"price\" content=\"{{price.without_tax.value}}\">\n                        <meta itemprop=\"priceCurrency\" content=\"{{currency_selector.active_currency_code}}\">\n                        <meta itemprop=\"valueAddedTaxIncluded\" content=\"false\">\n                    </div>\n                {{/if}}\n                {{#if price.with_tax}}\n                    <abbr title=\"{{lang 'products.excluding_tax'}}\">{{lang 'products.price_without_tax' tax_label=price.tax_label}}</abbr>\n                {{/if}}\n            </div>\n            <div class=\"price-section price-section--withoutTax non-sale-price--withoutTax{{#if price.with_tax}} price-section--minor{{/if}}\" {{#unless price.non_sale_price_without_tax}}style=\"display: none;\"{{/unless}}>\n                <span class=\"price-was-label\">{{theme_settings.pdp-non-sale-price-label}}</span>\n                <span data-product-non-sale-price-without-tax class=\"price price--non-sale\">\n                    {{price.non_sale_price_without_tax.formatted}}\n                </span>\n            </div>\n        {{/if}}\n        {{#if page_type '===' 'product'}}\n             <div class=\"price-section price-section--saving price\" {{#unless price.saved}}style=\"display: none;\"{{/unless}}>\n                    <span class=\"price\">{{lang 'products.you_save_opening_text'}}</span>\n                    <span data-product-price-saved class=\"price price--saving\">\n                        {{price.saved.formatted}}\n                    </span>\n                    <span class=\"price\">{{lang 'products.you_save_closing_bracket'}}</span>\n             </div>\n        {{/if}}\n    {{/and}}\n    \n","components/common/navigation-top":"<nav class=\"navUser navUser--storeInfo\">\n    <ul class=\"navUser-section\">\n        {{#if theme_settings.show_welcome_text}}\n        <li class=\"navUser-item\">\n            <span>{{{lang 'emthemesmodez.top_nav.welcome_text' store_name=settings.store_name}}}</span>\n        </li>\n        {{/if}}\n        {{#if theme_settings.topHeader_banner1}}\n        <li class=\"navUser-item\">\n            <div data-emthemesmodez-remote-banner=\"emthemesModezBannersBlockTopHeaderBanner01\"></div>\n        </li>\n        {{/if}}\n    </ul>\n</nav>\n\n<nav class=\"navUser\">\n\n    {{#if theme_settings.topHeader_banner2}}\n        <div data-emthemesmodez-remote-banner=\"emthemesModezBannersBlockTopHeaderBanner02\"></div>\n    {{/if}}\n\n    {{> components/common/currency-selector}}\n\n    {{#or theme_settings.topHeader_address theme_settings.topHeader_phone theme_settings.topHeader_account}}\n    <ul class=\"navUser-section\">\n        \n        {{#if settings.address}}\n        {{#if theme_settings.topHeader_address}}\n        <li class=\"navUser-item\">\n            <span class=\"navUser-action\">\n                <span class=\"navUser-item-icon {{lang 'emthemesmodez.top_nav.icon_class1'}}\"></span>\n                <span>{{{lang 'emthemesmodez.top_nav.text1' address=settings.address phone_number=settings.phone_number}}}</span>\n            </span>\n        </li>\n        {{/if}}\n        {{/if}}\n\n        {{#if settings.phone_number}}\n        {{#if theme_settings.topHeader_phone}}\n        <li class=\"navUser-item\">\n            <a class=\"navUser-action\" href=\"tel:{{settings.phone_number}}\">\n                <span class=\"navUser-item-icon {{lang 'emthemesmodez.top_nav.icon_class2'}}\"></span>\n                <span>{{{lang 'emthemesmodez.top_nav.text2' address=settings.address phone_number=settings.phone_number}}}</span>\n            </a>\n        </li>\n        {{/if}}\n        {{/if}}\n\n        {{#if theme_settings.topHeader_account}}\n        <li class=\"navUser-item navUser-item--account\">\n            {{#if customer}}\n                <a class=\"navUser-action\" href=\"{{urls.account.index}}\">\n                    <span class=\"navUser-item-icon navUser-item-accountIcon emthemesModez-icon-linear-user\"></span>\n                    <span class=\"navUser-item-accountLabel\">{{lang 'common.account'}}</span>\n                </a>\n                <a class=\"navUser-action\" href=\"{{urls.auth.logout}}\">{{lang 'common.logout'}}</a>\n            {{else}}\n                <a class=\"navUser-action\" href=\"{{urls.auth.login}}\">\n                    <span class=\"navUser-item-icon navUser-item-loginIcon emthemesModez-icon-linear-user\"></span>\n                    <span class=\"navUser-item-loginLabel\">{{lang 'common.login'}}</span>\n                </a>\n                {{#if settings.account_creation_enabled}}\n                    <span class=\"navUser-or\">{{lang 'common.or'}}</span> <a class=\"navUser-action\" href=\"{{urls.auth.create_account}}\">{{lang 'common.sign_up'}}</a>\n                {{/if}}\n            {{/if}}\n        </li>\n        {{/if}}\n    </ul>\n    {{/or}}\n</nav>\n","components/common/navigation":"<nav class=\"navUser\">\n    \n    <ul class=\"navUser-section navUser-section--alt\">\n\n        {{#unless theme_settings.topHeader_account}}\n            <li class=\"navUser-item navUser-item--account\">\n                {{#if theme_settings.style '===' 'modern'}}\n                    <span class=\"navUser-item-icon navUser-item-accountIcon emthemesModez-icon-linear-user\"></span>\n                    <div class=\"navUser-actions\">\n                    {{#if customer}}\n                        <a class=\"navUser-action\" href=\"{{urls.account.index}}\">\n                            <span class=\"navUser-item-accountLabel\">{{lang 'common.account'}}</span>\n                        </a>\n                        <a class=\"navUser-action\" href=\"{{urls.auth.logout}}\">{{lang 'common.logout'}}</a>\n                    {{else}}\n                        <a class=\"navUser-action\" href=\"{{urls.auth.login}}\">\n                            <span class=\"navUser-item-loginLabel\">{{lang 'common.login'}}</span>\n                        </a>\n                        {{#if settings.account_creation_enabled}}\n                            <a class=\"navUser-action\" href=\"{{urls.auth.create_account}}\">{{lang 'common.sign_up'}}</a>\n                        {{/if}}\n                    {{/if}}\n                    </div>\n                {{else}}\n                    {{#if customer}}\n                        <a class=\"navUser-action\" href=\"{{urls.account.index}}\">\n                            <span class=\"navUser-item-icon navUser-item-accountIcon emthemesModez-icon-linear-user\"></span>\n                            <span class=\"navUser-item-accountLabel\">{{lang 'common.account'}}</span>\n                        </a>\n                        <a class=\"navUser-action\" href=\"{{urls.auth.logout}}\">{{lang 'common.logout'}}</a>\n                    {{else}}\n                        <a class=\"navUser-action\" href=\"{{urls.auth.login}}\">\n                            <span class=\"navUser-item-icon navUser-item-loginIcon emthemesModez-icon-linear-user\"></span>\n                            <span class=\"navUser-item-loginLabel\">{{lang 'common.login'}}</span>\n                        </a>\n                        {{#if settings.account_creation_enabled}}\n                            <span class=\"navUser-or\">{{lang 'common.or'}}</span> <a class=\"navUser-action\" href=\"{{urls.auth.create_account}}\">{{lang 'common.sign_up'}}</a>\n                        {{/if}}\n                    {{/if}}\n                {{/if}}\n            </li>\n        {{/unless}}\n        \n        {{#if customer.store_credit.value '>' 0}}\n            <li class=\"navUser-item\">\n                <a class=\"navUser-action navUser-action--storeCredit\"\n                   data-dropdown=\"storeCredit-dropdown\"\n                   data-options=\"align:bottom\"\n                   href=\"{{urls.cart}}\">\n                        <span class=\"navUser-action-divider\">{{lang 'common.store_credit_overview' credit=customer.store_credit.formatted}}</span>\n                </a>\n                <div class=\"dropdown-menu\" id=\"storeCredit-dropdown\" data-dropdown-content aria-hidden=\"true\">\n                    {{{lang 'common.store_credit' store_credit=customer.store_credit.formatted}}}\n                </div>\n            </li>\n        {{/if}}\n\n        <li class=\"navUser-item\">\n            <a class=\"navUser-action navUser-item--compare\" href=\"{{urls.compare}}\" data-compare-nav>{{lang 'common.compare'}} <span class=\"countPill countPill--positive countPill--alt\"></span></a>\n        </li>\n        \n        {{#if settings.gift_certificates_enabled}}\n            <li class=\"navUser-item\">\n                <a class=\"navUser-action navUser-action--giftCert\" href=\"{{urls.gift_certificate.purchase}}\">\n                    <span class=\"navUser-item-icon navUser-item-giftCertIcon emthemesModez-icon-gift\"></span>\n                    <span class=\"navUser-item-giftCertLabel\">{{{lang 'common.gift_cert2'}}}</span>\n                </a>\n            </li>\n        {{/if}}\n        <li class=\"navUser-item navUser-item--cart\">\n\n            <a\n                class=\"navUser-action navUser-action--cart\"\n                data-cart-preview\n                data-dropdown=\"cart-preview-dropdown\"\n                data-options=\"align:right\"\n                href=\"{{urls.cart}}\",\n                title=\"{{lang 'common.cart'}}\">\n                <span class=\"navUser-item-icon navUser-item-cartIcon emthemesModez-icon-linear-cart\"></span>\n                <span class=\"navUser-item-cartLabel\">{{lang 'common.cart'}}</span> <span class=\"countPill{{#if cart.items}} countPill--positive{{/if}} cart-quantity\">{{cart.quantity}}</span>\n            </a>\n\n            <div class=\"dropdown-menu\" id=\"cart-preview-dropdown\" data-dropdown-content aria-hidden=\"true\"></div>\n        </li>\n    </ul>\n</nav>\n","components/common/navigation-list":"{{#if children}}\n<a class=\"navPages-action has-subMenu {{#if theme_settings.subcategories_menu_vertical}}navPages-action--vertical{{/if}}\" href=\"{{url}}\"\n    {{#if id '==' category.id}}data-current-category{{/if}}\n    data-collapsible=\"navPages-{{id}}{{idSuffix}}\"\n    {{#unless theme_settings.subcategories_menu_vertical}}data-collapsible-disabled-breakpoint=\"medium\"{{/unless}}\n    data-collapsible-disabled-state=\"open\"\n    data-collapsible-enabled-state=\"closed\">\n    {{name}} <i class=\"icon navPages-action-moreIcon\" aria-hidden=\"true\"><svg><use xlink:href=\"#icon-chevron-down\" /></svg></i>\n</a>\n<div class=\"navPage-subMenu\n        {{#if theme_settings.subcategories_menu_vertical}}\n            navPage-subMenu--vertical\n        {{else if theme_settings.navPages_standard}}\n            navPage-subMenu--standard\n        {{/if}}\n    \" id=\"navPages-{{id}}{{idSuffix}}\" aria-hidden=\"true\" tabindex=\"-1\">\n    <ul class=\"navPage-subMenu-list\">\n        <li class=\"navPage-subMenu-item\">\n            <a class=\"navPage-subMenu-action navPages-action\" href=\"{{url}}\">{{lang 'category.view_all.name' category=name}}</a>\n        </li>\n        {{#each children}}\n            <li class=\"navPage-subMenu-item\">\n                {{#if children}}\n                    <a\n                        class=\"navPage-subMenu-action navPages-action has-subMenu\"\n                        href=\"{{url}}\"\n                        {{#if id '==' ../../category.id}}data-current-category{{/if}}\n                        data-collapsible=\"navPages-{{id}}{{../../idSuffix}}\"\n                        {{#unless ../../theme_settings.subcategories_menu_vertical}}data-collapsible-disabled-breakpoint=\"medium\"{{/unless}}\n                        data-collapsible-disabled-state=\"open\"\n                        data-collapsible-enabled-state=\"closed\">\n                        {{name}} <i class=\"icon navPages-action-moreIcon\" aria-hidden=\"true\"><svg><use xlink:href=\"#icon-chevron-down\" /></svg></i>\n                    </a>\n                    <ul class=\"navPage-childList\" id=\"navPages-{{id}}{{../../idSuffix}}\">\n                        <li class=\"navPage-childList-item\">\n                            <a class=\"navPage-childList-action navPages-action\" href=\"{{url}}\">{{lang 'category.view_all.name' category=name}}</a>\n                        </li>\n                        {{#each children}}\n                        <li class=\"navPage-childList-item\">\n                            {{> components/common/navigation-list-child \n                                    category_id=../../../category.id \n                                    idSuffix=../../../idSuffix \n                                    theme_settings=../../../theme_settings}}\n                        </li>\n                        {{/each}}\n                    </ul>\n                {{else}}\n                    <a class=\"navPage-subMenu-action navPages-action\" href=\"{{url}}\" {{#if id '==' ../../category.id}}data-current-category{{/if}}>{{name}}</a>\n                {{/if}}\n            </li>\n        {{/each}}\n    </ul>\n</div>\n{{else}}\n<a class=\"navPages-action\" href=\"{{url}}\" {{#if id '==' category.id}}data-current-category{{/if}}>{{name}}</a>\n{{/if}}\n","components/common/store-logo":"<a href=\"{{urls.home}}\">\n    {{#if settings.store_logo.image}}\n        {{#if theme_settings.logo_size '===' 'original'}}\n            <img class=\"header-logo-image-unknown-size\" src=\"{{getImage settings.store_logo.image 'logo_size'}}\" alt=\"{{settings.store_logo.title}}\" title=\"{{settings.store_logo.title}}\">\n        {{else}}\n            <div class=\"header-logo-image-container\">\n                <img class=\"header-logo-image lazyload\" data-sizes=\"auto\" src=\"{{cdn 'img/loading.svg'}}\" data-src=\"{{getImage settings.store_logo.image 'logo_size'}}\" alt=\"{{settings.store_logo.title}}\" title=\"{{settings.store_logo.title}}\">\n            </div>\n        {{/if}}\n    {{else}}\n        <span class=\"header-logo-text\">{{settings.store_logo.title}}</span>\n    {{/if}}\n</a>\n","components/common/navigation-menu":"<nav class=\"navPages\">\n    <div class=\"emthemesModez-navPages-verticalCategories-container\">\n        <a class=\"navPages-action has-subMenu\" data-collapsible=\"emthemesModez-verticalCategories\"\n            data-collapsible-disabled-breakpoint=\"medium\"\n            data-collapsible-disabled-state=\"open\"\n            data-collapsible-enabled-state=\"closed\">{{theme_settings.navPages_categoriesItem_text}}</a>\n        <div class=\"emthemesModez-verticalCategories {{#if theme_settings.homepage_expand_categories_menu}}{{#if template '===' 'pages/home'}}emthemesModez-verticalCategories--open{{/if}}{{/if}}\" id=\"emthemesModez-verticalCategories\" data-emthemesmodez-fix-height=\"emthemesModez-section1-container\" aria-hidden=\"true\" tabindex=\"-1\">\n            <ul class=\"navPages-list navPages-list--categories\">\n                {{#each categories}}\n                    <li class=\"navPages-item{{#unless ../theme_settings.subcategories_menu_vertical}}{{#if ../../theme_settings.navPages_standard}} navPages-item--standard{{/if}}{{/unless}}\">\n                        {{> components/common/navigation-list theme_settings=../theme_settings}}\n                    </li>\n                {{/each}}\n            </ul>\n        </div>\n    </div>\n    {{#unless theme_settings.hide_content_navigation}}\n        {{#unless theme_settings.manual_content_nav}}\n        <ul class=\"navPages-list\">\n            {{#each pages}}\n                <li class=\"navPages-item\">\n                    {{> components/common/navigation-page-list}}\n                </li>\n            {{/each}}\n        </ul>\n        {{else}}\n        <div data-emthemesmodez-remote-banner=\"emthemesModezBannersBlockStaticNavPages\"></div>\n        {{/unless}}\n    {{/unless}}\n    <ul class=\"navPages-list navPages-list--user\">\n        {{#if currency_selector.currencies.length '>' 1}}\n            <li class=\"navPages-item\">\n                <a class=\"navPages-action has-subMenu\" href=\"#\" data-collapsible=\"navPages-currency\" aria-controls=\"navPages-currency\" aria-expanded=\"false\">\n                    {{{lang 'common.currency' code=currency_selector.active_currency_code}}} <i class=\"icon navPages-action-moreIcon\" aria-hidden=\"true\"><svg><use xmlns:xlink=\"http://www.w3.org/1999/xlink\" xlink:href=\"#icon-chevron-down\"></use></svg></i>\n                </a>\n                <div class=\"navPage-subMenu\" id=\"navPages-currency\" aria-hidden=\"true\" tabindex=\"-1\">\n                    <ul class=\"navPage-subMenu-list\">\n                        {{#each currency_selector.currencies}}\n                        <li class=\"navPage-subMenu-item\">\n                            <a class=\"navPage-subMenu-action navPages-action\" href=\"{{{switch_url}}}\">\n                                {{#if is_active}}\n                                    <strong>{{name}}</strong>\n                                {{else}}\n                                    {{name}}\n                                {{/if}}\n                            </a>\n                        </li>\n                        {{/each}}\n                    </ul>\n                </div>\n            </li>\n        {{/if}}\n        {{#if settings.gift_certificates_enabled}}\n            <li class=\"navPages-item\">\n                <a class=\"navPages-action\" href=\"{{urls.gift_certificate.purchase}}\">{{lang 'common.gift_cert'}}</a>\n            </li>\n        {{/if}}\n        {{#if customer.store_credit.value '>' 0}}\n            <li class=\"navPages-item\">\n                <a class=\"navPages-action navPages-action--storeCredit\">\n                    {{lang 'common.store_credit_overview' credit=customer.store_credit.formatted}}\n                </a>\n            </li>\n        {{/if}}\n        {{#if theme_settings.product_list_display_mode '==' 'list'}}\n            <li class=\"navPages-item\">\n                <a class=\"navPages-action navPages-action--compare\" href=\"{{urls.compare}}\" data-compare-nav>{{lang 'common.compare'}} <span class=\"countPill countPill--positive countPill--alt\"></span></a>\n            </li>\n        {{/if}}\n        {{#if customer}}\n            <li class=\"navPages-item\">\n                <a class=\"navPages-action has-subMenu\" href=\"{{urls.account.index}}\" data-collapsible=\"navPages-account\">\n                    {{lang 'common.account'}} <i class=\"icon navPages-action-moreIcon\" aria-hidden=\"true\"><svg><use xlink:href=\"#icon-chevron-down\" /></svg></i>\n                </a>\n                <div class=\"navPage-subMenu\" id=\"navPages-account\" aria-hidden=\"true\" tabindex=\"-1\">\n                    <ul class=\"navPage-subMenu-list\">\n                        <li class=\"navPage-subMenu-item\">\n                            <a class=\"navPage-subMenu-action navPages-action\" href=\"{{urls.account.orders.all}}\">{{lang 'account.nav.orders'}}</a>\n                        </li>\n                        {{#if settings.returns_enabled}}\n                            <li class=\"navPage-subMenu-item\">\n                                <a class=\"navPage-subMenu-action navPages-action\" href=\"{{urls.account.returns}}\">{{lang 'account.nav.returns'}}</a>\n                            </li>\n                        {{/if}}\n                        <li class=\"navPage-subMenu-item\">\n                            <a class=\"navPage-subMenu-action navPages-action\" href=\"{{urls.account.inbox}}\">{{lang 'account.mobile_nav.messages'}}</a>\n                        </li>\n                        <li class=\"navPage-subMenu-item\">\n                            <a class=\"navPage-subMenu-action navPages-action\" href=\"{{urls.account.addresses}}\">{{lang 'account.nav.addresses'}}</a>\n                        </li>\n                        <li class=\"navPage-subMenu-item\">\n                            <a class=\"navPage-subMenu-action navPages-action\" href=\"{{urls.account.wishlists.all}}\">{{lang 'account.mobile_nav.wishlists'}}</a>\n                        </li>\n                        <li class=\"navPage-subMenu-item\">\n                            <a class=\"navPage-subMenu-action navPages-action\" href=\"{{urls.account.recent_items}}\">{{lang 'account.nav.recently_viewed'}}</a>\n                        </li>\n                        <li class=\"navPage-subMenu-item\">\n                            <a class=\"navPage-subMenu-action navPages-action\" href=\"{{urls.account.details}}\">{{lang 'account.nav.settings'}}</a>\n                        </li>\n                    </ul>\n                </div>\n            </li>\n            <li class=\"navPages-item\">\n                <a class=\"navPages-action\" href=\"{{urls.auth.logout}}\">{{lang 'common.logout'}}</a>\n            </li>\n        {{else}}\n            <li class=\"navPages-item\">\n                <a class=\"navPages-action\" href=\"{{urls.auth.login}}\">{{lang 'common.login'}}</a>\n                {{#if settings.account_creation_enabled}}\n                    {{lang 'common.or'}} <a class=\"navPages-action\" href=\"{{urls.auth.create_account}}\">{{lang 'common.sign_up'}}</a>\n                {{/if}}\n            </li>\n        {{/if}}\n    </ul>\n\n    {{#if theme_settings.social_icon_placement_top}}\n    <div class=\"navPages-socials\">\n        {{> components/common/social-links style=\"dark\"}}\n    </div>\n    {{/if}}\n</nav>\n","components/common/modal":"<div id=\"modal\" class=\"modal\" data-reveal data-prevent-quick-search-close>\n    <a href=\"#\" class=\"modal-close\" aria-label=\"{{lang 'common.close'}}\" role=\"button\">\n        <span aria-hidden=\"true\">&#215;</span>\n    </a>\n    <div class=\"modal-content\"></div>\n    <div class=\"loadingOverlay\"></div>\n</div>\n\n<div id=\"previewModal\" class=\"modal modal--large\" data-reveal>\n    <a href=\"#\" class=\"modal-close\" aria-label=\"{{lang 'common.close'}}\" role=\"button\">\n        <span aria-hidden=\"true\">&#215;</span>\n    </a>\n    <div class=\"modal-content\"></div>\n    <div class=\"loadingOverlay\"></div>\n</div>\n","components/common/quick-search":"<div class=\"emthemesModez-quickSearch{{#if style}} emthemesModez-quickSearch--{{style}}{{/if}}\" data-prevent-quick-search-close>\n    {{{ snippet \"forms_search\"}}}\n    <form class=\"form\" action=\"{{urls.search}}\">\n        <fieldset class=\"form-fieldset\">\n            <div class=\"form-field\">\n                <label class=\"is-srOnly\" for=\"search_query{{#if style '===' 'mobileOnly'}}_mobile{{/if}}\">{{lang \"search.quick_search.input_label\"}}</label>\n                <div class=\"form-prefixPostfix wrap\">\n                    <input class=\"form-input\" data-search-quick name=\"search_query\" id=\"search_query{{#if style '===' 'mobileOnly'}}_mobile{{/if}}\" data-error-message=\"{{lang 'search.error.empty_field'}}\" placeholder=\"{{lang 'search.quick_search.input_placeholder'}}\" autocomplete=\"off\">\n                    <input type=\"submit\" class=\"button button--primary form-prefixPostfix-button--postfix\" value=\"{{lang 'common.search'}}\" />\n                </div>\n            </div>\n        </fieldset>\n    </form>\n</div>\n","components/emthemes-modez/newsletter/modal":"<div id=\"newsletterPopupModal\" class=\"modal modal--newsletter\" data-reveal data-prevent-quick-search-close>\n    <a href=\"#\" class=\"modal-close\" aria-label=\"{{lang 'common.close'}}\" role=\"button\">\n        <span aria-hidden=\"true\">&#215;</span>\n    </a>\n    <div class=\"modal-content\"></div>\n    <div class=\"loadingOverlay\"></div>\n</div>\n","components/emthemes-modez/newsletter/section":"<div class=\"emthemesModez-newsletterSection{{#if theme_settings.social_icon_placement_bottom}} emthemesModez-newsletterSection--hasSocials{{/if}}\">\n    <article class=\"emthemesModez-newsletterForm\" data-section-type=\"newsletterSubscription\">\n        {{> components/common/subscription-form}}\n    </article>\n</div>\n","components/common/social-links":"{{#if social_media}}\n    <ul class=\"socialLinks {{#if style}}socialLinks--{{style}}{{/if}}\">\n        {{#each social_media}}\n            <li class=\"socialLinks-item\">\n                {{#if display_name '===' 'google+'}}\n                    <a class=\"icon icon--google\" href=\"{{url}}\" target=\"_blank\">\n                        <svg><use xlink:href=\"#icon-google\" /></svg>\n                    </a>\n                {{else}}\n                    <a class=\"icon icon--{{display_name}}\" href=\"{{url}}\" target=\"_blank\">\n                        <svg><use xlink:href=\"#icon-{{display_name}}\" /></svg>\n                    </a>\n                {{/if}}\n            </li>\n        {{/each}}\n    </ul>\n{{/if}}\n","components/emthemes-modez/common/footer-links":"<article class=\"footer-info-col\" data-section-type=\"footer-webPages\">\n    <h5 class=\"footer-info-heading\">{{lang (concat (concat 'emthemesmodez.footer.links_col_' index) '.heading')}}</h5>\n    <ul class=\"footer-info-list\">\n        {{> components/emthemes-modez/common/footer-links-item langPrefix=(concat (concat 'emthemesmodez.footer.links_col_' index) '.row_1') }}\n        {{> components/emthemes-modez/common/footer-links-item langPrefix=(concat (concat 'emthemesmodez.footer.links_col_' index) '.row_2') }}\n        {{> components/emthemes-modez/common/footer-links-item langPrefix=(concat (concat 'emthemesmodez.footer.links_col_' index) '.row_3') }}\n        {{> components/emthemes-modez/common/footer-links-item langPrefix=(concat (concat 'emthemesmodez.footer.links_col_' index) '.row_4') }}\n        {{> components/emthemes-modez/common/footer-links-item langPrefix=(concat (concat 'emthemesmodez.footer.links_col_' index) '.row_5') }}\n        {{> components/emthemes-modez/common/footer-links-item langPrefix=(concat (concat 'emthemesmodez.footer.links_col_' index) '.row_6') }}\n        {{> components/emthemes-modez/common/footer-links-item langPrefix=(concat (concat 'emthemesmodez.footer.links_col_' index) '.row_7') }}\n        {{> components/emthemes-modez/common/footer-links-item langPrefix=(concat (concat 'emthemesmodez.footer.links_col_' index) '.row_8') }}\n        {{> components/emthemes-modez/common/footer-links-item langPrefix=(concat (concat 'emthemesmodez.footer.links_col_' index) '.row_9') }}\n        {{> components/emthemes-modez/common/footer-links-item langPrefix=(concat (concat 'emthemesmodez.footer.links_col_' index) '.row_10') }}\n    </ul>\n</article>\n","components/common/payment-icons":"{{#with theme_settings}}\n    {{#or show_accept_amex show_accept_discover show_accept_mastercard show_accept_paypal show_accept_visa}}\n        <div class=\"footer-payment-icons\">\n            {{#if show_accept_amex}}\n                <svg class=\"footer-payment-icon\"><use xlink:href=\"#icon-logo-american-express{{#if payment_icons_style}}-{{payment_icons_style}}{{/if}}\"></use></svg>\n            {{/if}}\n            {{#if show_accept_discover}}\n                <svg class=\"footer-payment-icon\"><use xlink:href=\"#icon-logo-discover{{#if payment_icons_style}}-{{payment_icons_style}}{{/if}}\"></use></svg>\n            {{/if}}\n            {{#if show_accept_mastercard}}\n                <svg class=\"footer-payment-icon\"><use xlink:href=\"#icon-logo-mastercard{{#if payment_icons_style}}-{{payment_icons_style}}{{/if}}\"></use></svg>\n            {{/if}}\n            {{#if show_accept_paypal}}\n                <svg class=\"footer-payment-icon\"><use xlink:href=\"#icon-logo-paypal{{#if payment_icons_style}}-{{payment_icons_style}}{{/if}}\"></use></svg>\n            {{/if}}\n            {{#if show_accept_visa}}\n                <svg class=\"footer-payment-icon\"><use xlink:href=\"#icon-logo-visa{{#if payment_icons_style}}-{{payment_icons_style}}{{/if}}\"></use></svg>\n            {{/if}}\n            {{#if show_accept_applepay}}\n                <svg class=\"footer-payment-icon\"><use xlink:href=\"#icon-logo-applepay{{#if payment_icons_style}}-{{payment_icons_style}}{{/if}}\"></use></svg>\n            {{/if}}\n            {{#if show_accept_amazon}}\n                <svg class=\"footer-payment-icon\"><use xlink:href=\"#icon-logo-amazon{{#if payment_icons_style}}-{{payment_icons_style}}{{/if}}\"></use></svg>\n            {{/if}}\n        </div>\n    {{/or}}\n{{/with}}\n","components/common/geotrust-ssl-seal":"<table width=\"135\" border=\"0\" cellpadding=\"2\" cellspacing=\"0\" title=\"Click to Verify - This site chose GeoTrust SSL for secure e-commerce and confidential communications.\">\n    <tr>\n        <td width=\"135\" align=\"center\" valign=\"top\">\n            <script type=\"text/javascript\" src=\"https://seal.geotrust.com/getgeotrustsslseal?host_name={{settings.secure_host}}&amp;size={{theme_settings.geotrust_ssl_seal_size}}&amp;lang={{locale_name}}\"></script><br />\n            <a href=\"http://www.geotrust.com/ssl/\" target=\"_blank\"  style=\"color:#000000; text-decoration:none; font:bold 7px verdana,sans-serif; letter-spacing:.5px; text-align:center; margin:0px; padding:0px;\"></a>\n        </td>\n    </tr>\n</table>\n","components/products/price-range":"{{#and price.price_range.min.with_tax price.price_range.max.with_tax}}{{! Added by Papathemes to fix display tax/non-tax retail price when select product option }}\n{{#and price.retail_price_range.min.with_tax price.retail_price_range.max.with_tax}}\n    <div class=\"price-section price-section--withTax rrp-price--withTax\">\n        <span class=\"price-was-label\">{{theme_settings.pdp-retail-price-label}}</span>\n        <span data-product-rrp-price-with-tax class=\"price price--rrp\">{{price.retail_price_range.min.with_tax.formatted}} - {{price.retail_price_range.max.with_tax.formatted}}</span>\n    </div>\n{{else}}\n    {{#if price.with_tax}}\n        <div class=\"price-section price-section--withTax rrp-price--withTax\" style=\"display: none;\">\n            <span class=\"price-was-label\">{{theme_settings.pdp-retail-price-label}}</span>\n            <span data-product-rrp-with-tax class=\"price price--rrp\">\n                {{price.rrp_with_tax.formatted}}\n            </span>\n        </div>\n    {{/if}}\n{{/and}}\n{{/and}}\n{{#and price.price_range.min.with_tax price.price_range.max.with_tax}}\n    <div class=\"price-section price-section--withTax\" {{#if schema_org}}itemprop=\"offers\" itemscope itemtype=\"http://schema.org/Offer\"{{/if}}>\n        <span class=\"price-label\">{{theme_settings.pdp-price-label}}</span>\n        <span class=\"price-now-label\" style=\"display: none;\">{{theme_settings.pdp-sale-price-label}}</span>\n        <span data-product-price-with-tax class=\"price price--withTax price--main\">{{price.price_range.min.with_tax.formatted}} - {{price.price_range.max.with_tax.formatted}}</span>\n        {{#and price.price_range.min.without_tax price.price_range.max.without_tax}}\n            <abbr title=\"{{lang 'products.including_tax'}}\">{{lang 'products.price_with_tax' tax_label=price.price_range.min.tax_label}}</abbr>\n        {{/and}}\n        {{#if schema_org}}\n            <meta itemprop=\"availability\" content=\"{{product.availability}}\">\n            <meta itemprop=\"itemCondition\" itemtype=\"http://schema.org/OfferItemCondition\" content=\"http://schema.org/{{product.condition}}Condition\">\n            <div itemprop=\"priceSpecification\" itemscope itemtype=\"http://schema.org/PriceSpecification\">\n                <meta itemprop=\"minPrice\" content=\"{{price_range.min.with_tax.value}}\"  />\n                <meta itemprop=\"price\" content=\"{{price_range.min.with_tax.value}}\">\n                <meta itemprop=\"maxPrice\" content=\"{{price_range.max.with_tax.value}}\"  />\n                <meta itemprop=\"priceCurrency\" content=\"{{currency_selector.active_currency_code}}\">\n                <meta itemprop=\"valueAddedTaxIncluded\" content=\"true\">\n            </div>\n        {{/if}}\n    </div>\n    {{!-- Never display the \"non-sales price\" if there is a price range to be shown, but we do want the element on the page --}}\n    <div class=\"price-section price-section--withTax non-sale-price--withTax\" style=\"display: none;\">\n        <span class=\"price-was-label\">{{theme_settings.pdp-non-sale-price-label}}</span>\n        <span data-product-non-sale-price-with-tax class=\"price price--non-sale\">\n            {{price.non_sale_price_with_tax.formatted}}\n        </span>\n    </div>\n{{/and}}\n{{#and price.retail_price_range.min.without_tax price.retail_price_range.max.without_tax}}\n    <div class=\"price-section price-section--withoutTax rrp-price--withoutTax{{#if price.with_tax}} price-section--minor{{/if}}\">\n        <span class=\"price-was-label\">{{theme_settings.pdp-retail-price-label}}</span>\n        <span data-product-rrp-price-without-tax class=\"price price--rrp\">{{price.retail_price_range.min.without_tax.formatted}} - {{price.retail_price_range.max.without_tax.formatted}}</span>\n    </div>\n{{else}}\n    {{#if price.without_tax}}\n        <div class=\"price-section price-section--withoutTax rrp-price--withoutTax{{#if price.with_tax}} price-section--minor{{/if}}\" style=\"display: none;\">\n            <span class=\"price-was-label\">{{theme_settings.pdp-retail-price-label}}</span>\n            <span data-product-rrp-price-without-tax class=\"price price--rrp\">\n                {{price.rrp_without_tax.formatted}}\n            </span>\n        </div>\n    {{/if}}\n{{/and}}\n{{#and price.price_range.min.without_tax price.price_range.max.without_tax}}\n    <div class=\"price-section price-section--withoutTax{{#and price_range.min.with_tax price_range.max.with_tax}} price-section--minor{{/and}}\" {{#if schema_org}}itemprop=\"offers\" itemscope itemtype=\"http://schema.org/Offer\"{{/if}}>\n        <span class=\"price-label\">{{theme_settings.pdp-price-label}}</span>\n        <span class=\"price-now-label\" style=\"display: none;\">{{theme_settings.pdp-sale-price-label}}</span>\n        <span data-product-price-without-tax class=\"price price--withoutTax price--main\">{{price.price_range.min.without_tax.formatted}} - {{price.price_range.max.without_tax.formatted}}</span>\n        {{#and price.price_range.min.with_tax price.price_range.max.with_tax}}\n            <abbr title=\"{{lang 'products.excluding_tax'}}\">{{lang 'products.price_without_tax' tax_label=price.price_range.min.tax_label}}</abbr>\n        {{/and}}\n        {{#if schema_org}}\n            <meta itemprop=\"availability\" content=\"{{product.availability}}\">\n            <meta itemprop=\"itemCondition\" itemtype=\"http://schema.org/OfferItemCondition\" content=\"http://schema.org/{{product.condition}}Condition\">\n            <div itemprop=\"priceSpecification\" itemscope itemtype=\"http://schema.org/PriceSpecification\">\n                <meta itemprop=\"minPrice\" content=\"{{price.price_range.min.without_tax.value}}\"  />\n                <meta itemprop=\"price\" content=\"{{price.price_range.min.without_tax.value}}\">\n                <meta itemprop=\"maxPrice\" content=\"{{price.price_range.max.without_tax.value}}\"  />\n                <meta itemprop=\"priceCurrency\" content=\"{{currency_selector.active_currency_code}}\">\n                <meta itemprop=\"valueAddedTaxIncluded\" content=\"false\">\n            </div>\n        {{/if}}\n    </div>\n    {{!-- Never display the \"non-sales price\" if there is a price range to be shown, but we do want the element on the page --}}\n    <div class=\"price-section price-section--withoutTax non-sale-price--withoutTax{{#if price.with_tax}} price-section--minor{{/if}}\" style=\"display: none;\">\n        <span class=\"price-was-label\">{{theme_settings.pdp-non-sale-price-label}}</span>\n        <span data-product-non-sale-price-without-tax class=\"price price--non-sale\">\n            {{price.non_sale_price_without_tax.formatted}}\n        </span>\n    </div>\n{{/and}}\n\n{{!-- Never display the \"saving price\" element by default if there is a price range on the page to be shown --}}\n{{#if page_type '===' 'product'}}\n     <div class=\"price-section price-section--saving price\" style=\"display: none;\">\n            <span class=\"price\">{{lang 'products.you_save_opening_text'}}</span>\n            <span data-product-price-saved class=\"price price--saving\">\n                {{price.saved.formatted}}\n            </span>\n            <span class=\"price\">{{lang 'products.you_save_closing_bracket'}}</span>\n     </div>\n{{/if}}\n","components/common/currency-selector":"{{#if currency_selector.currencies.length '>' 1}}\n<ul class=\"navUser-section\">\n    <li class=\"navUser-item\">\n        <a class=\"navUser-action navUser-action--currencySelector has-dropdown\" href=\"#\" data-dropdown=\"currencySelection\" aria-controls=\"currencySelection\" aria-expanded=\"false\">{{{lang 'common.currency' code=currency_selector.active_currency_code}}} <i class=\"icon\" aria-hidden=\"true\"><svg><use xlink:href=\"#icon-chevron-down\" /></svg></i></a>\n        <ul class=\"dropdown-menu\" id=\"currencySelection\" data-dropdown-content aria-hidden=\"true\" tabindex=\"-1\">\n            {{#each currency_selector.currencies}}\n            <li class=\"dropdown-menu-item\">\n                <a href=\"{{{switch_url}}}\">\n                    {{#if is_active}}\n                    <strong>{{name}}</strong>\n                    {{else}}\n                    {{name}}\n                    {{/if}}\n                </a>\n            </li>\n            {{/each}}\n        </ul>\n    </li>\n</ul>\n{{/if}}\n","components/common/navigation-page-list":"{{#if children}}\n<a class=\"navPages-action has-subMenu\" href=\"{{url}}\" \n    data-collapsible=\"navPages-page-{{@index}}\"\n    data-collapsible-disabled-breakpoint=\"large\"\n    data-collapsible-disabled-state=\"open\"\n    data-collapsible-enabled-state=\"closed\">\n    {{name}} <i class=\"icon navPages-action-moreIcon\" aria-hidden=\"true\"><svg><use xlink:href=\"#icon-chevron-down\" /></svg></i>\n</a>\n<div class=\"navPage-subMenu navPage-subMenu--standard\" id=\"navPages-page-{{@index}}\" aria-hidden=\"true\" tabindex=\"-1\">\n    <ul class=\"navPage-subMenu-list\">\n        <li class=\"navPage-subMenu-item\">\n            <a class=\"navPage-subMenu-action navPages-action\" href=\"{{url}}\">{{name}}</a>\n        </li>\n        {{#each children}}\n            <li class=\"navPage-subMenu-item\">\n                {{#if children}}\n                    <a\n                        class=\"navPage-subMenu-action navPages-action has-subMenu\"\n                        href=\"{{url}}\"\n                        data-collapsible=\"navPages-page-{{@../../index}}-{{@index}}\"\n                        data-collapsible-disabled-breakpoint=\"medium\"\n                        data-collapsible-disabled-state=\"open\"\n                        data-collapsible-enabled-state=\"closed\">\n                        {{name}} <i class=\"icon navPages-action-moreIcon\" aria-hidden=\"true\"><svg><use xlink:href=\"#icon-chevron-down\" /></svg></i>\n                    </a>\n                    <ul class=\"navPage-childList\" id=\"navPages-page-{{@../../index}}-{{@index}}\">\n                        {{#each children}}\n                        <li class=\"navPage-childList-item\">\n                            <a class=\"navPage-childList-action navPages-action\" href=\"{{url}}\">{{name}}</a>\n                        </li>\n                        {{/each}}\n                    </ul>\n                {{else}}\n                    <a class=\"navPage-subMenu-action navPages-action\" href=\"{{url}}\">{{name}}</a>\n                {{/if}}\n            </li>\n        {{/each}}\n    </ul>\n</div>\n{{else}}\n<a class=\"navPages-action\" href=\"{{url}}\">{{name}}</a>\n{{/if}}\n","components/common/subscription-form":"<h5 class=\"footer-info-heading\">{{lang 'newsletter.subscribe'}}</h5>\n{{#if theme_settings.subscribe_intro '!==' ''}}\n    <p>{{theme_settings.subscribe_intro}}</p>\n{{else if settings.show_newsletter_summary}}\n    <p>{{settings.newsletter_summary}}</p>\n{{/if}}\n\n<form class=\"form\" action=\"{{urls.subscribe.action}}\" method=\"post\">\n    <fieldset class=\"form-fieldset\">\n        <input type=\"hidden\" name=\"action\" value=\"subscribe\">\n        <input type=\"hidden\" name=\"nl_first_name\" value=\"bc\">\n        <input type=\"hidden\" name=\"check\" value=\"1\">\n        <div class=\"form-field\">\n            <label class=\"form-label is-srOnly\" for=\"nl_email\">{{lang 'common.email_address'}}</label>\n            <div class=\"form-prefixPostfix wrap\">\n                <input class=\"form-input form-prefixPostfix-input\" id=\"nl_email\" name=\"nl_email\" type=\"email\" value=\"{{customer.email}}\" placeholder=\"{{lang 'newsletter.email_placeholder'}}\">\n                <input class=\"button form-prefixPostfix-button--postfix\" type=\"submit\" value=\"{{lang 'newsletter.subscribe_submit'}}\">\n            </div>\n        </div>\n    </fieldset>\n</form>\n","components/common/navigation-list-child":"{{#if children}}\n    <a\n        class=\"navPage-childList-action navPages-action has-subMenu\" \n        href=\"{{url}}\"\n        {{#if id '==' category_id}}data-current-category{{/if}}\n        data-collapsible=\"navPages-{{id}}{{idSuffix}}\"\n        {{#unless theme_settings.subcategories_menu_vertical}}data-collapsible-disabled-breakpoint=\"medium\"{{/unless}}\n        data-collapsible-disabled-state=\"open\"\n        data-collapsible-enabled-state=\"closed\">\n        {{name}} <i class=\"icon navPages-action-moreIcon\" aria-hidden=\"true\"><svg><use xlink:href=\"#icon-chevron-down\" /></svg></i>\n    </a>\n    <ul class=\"navPage-childList\" id=\"navPages-{{id}}{{idSuffix}}\">\n        <li class=\"navPage-childList-item\">\n            <a class=\"navPage-childList-action navPages-action\" href=\"{{url}}\">{{lang 'category.view_all.name' category=name}}</a>\n        </li>\n        {{#each children}}\n            <li class=\"navPage-childList-item\">\n                {{> components/common/navigation-list-child \n                    category_id=../category_id \n                    idSuffix=../idSuffix \n                    theme_settings=../theme_settings}}\n            </li>\n        {{/each}}\n    </ul>\n{{else}}\n    <a class=\"navPage-childList-action navPages-action\" href=\"{{url}}\" {{#if id '==' category_id}}data-current-category{{/if}}>{{name}}</a>\n{{/if}}\n","components/emthemes-modez/common/footer-links-item":"{{#if (lang (concat langPrefix '.title')) '!=' ' '}}\n\t<li><a href=\"{{lang (concat langPrefix '.url')}}\">{{lang (concat langPrefix '.title')}}</a></li>\n{{/if}}\n"}