{"components/products/tabs":"<ul class=\"tabs\" data-tab role=\"tablist\">\n    {{#if product.related_products}}\n        <li class=\"tab is-active\" role=\"presentational\">\n            <a class=\"tab-title\" href=\"#tab-related\" role=\"tab\" tabindex=\"0\" aria-selected=\"true\" controls=\"tab-related\">{{lang 'products.related_products'}}</a>\n        </li>\n    {{/if}}\n    {{#if product.similar_by_views}}\n        <li class=\"tab{{#unless product.related_products}} is-active{{/unless}}\" role=\"presentational\">\n            <a class=\"tab-title\" href=\"#tab-similar\" role=\"tab\" tabindex=\"0\" aria-selected=\"false\" controls=\"tab-similar\">{{lang 'products.similar_by_views'}}</a>\n        </li>\n    {{/if}}\n</ul>\n\n<div class=\"tabs-contents\">\n{{#if product.related_products}}\n    <div role=\"tabpanel\" aria-hidden=\"false\" class=\"tab-content has-jsContent is-active\" id=\"tab-related\">\n        <h2 class=\"page-heading\">{{lang 'products.related_products'}}</h2>\n        {{> components/products/carousel products=product.related_products columns=5}}\n    </div>\n{{/if}}\n\n{{#if product.similar_by_views}}\n    <div role=\"tabpanel\" aria-hidden=\"true\" class=\"tab-content has-jsContent{{#unless product.related_products}} is-active{{/unless}}\" id=\"tab-similar\">\n        <h2 class=\"page-heading\">{{lang 'products.similar_by_views'}}</h2>\n        {{> components/products/carousel products=product.similar_by_views columns=5}}\n    </div>\n{{/if}}\n</div>\n","components/products/carousel":"<section class=\"productCarousel\"\n    data-slick='{\n        \"dots\": false,\n        \"infinite\": false,\n        \"mobileFirst\": true,\n        \"slidesToShow\": 2,\n        \"slidesToScroll\": 2,\n        \"responsive\": [\n            {\n                \"breakpoint\": 1260,\n                \"settings\": {\n                    \"slidesToScroll\": 4,\n                    \"slidesToShow\": {{ columns }}\n                }\n            },\n            {\n                \"breakpoint\": 800,\n                \"settings\": {\n                    \"slidesToScroll\": 3,\n                    \"slidesToShow\": 4\n                }\n            },\n            {\n                \"breakpoint\": 550,\n                \"settings\": {\n                    \"slidesToScroll\": 3,\n                    \"slidesToShow\": 2\n                }\n            }\n        ]\n    }'\n>\n    {{#each products}}\n    <div class=\"productCarousel-slide\">\n        {{> components/products/card theme_settings=../theme_settings customer=../customer}}\n    </div>\n    {{/each}}\n</section>\n","components/products/card":"<article class=\"card {{#if alternate}}card--alternate{{/if}}\">\n    <figure class=\"card-figure\">\n        {{#if theme_settings.product_outstock_badge}}\n            {{#or customer (if theme_settings.restrict_to_login '!==' true)}}\n                {{#if out_of_stock_message }}\n                    <div class=\"sale-flag-side sale-flag-side--outstock\">\n                        <span class=\"sale-text\">{{out_of_stock_message}}</span>\n                    </div>\n                {{/if}}\n            {{/or}}\n        {{/if}}\n        {{#or price.non_sale_price_with_tax price.non_sale_price_without_tax}}\n            {{#if theme_settings.product_sale_badges '===' 'sash'}}\n                <div class=\"sale-flag-sash\">\n                    <span class=\"sale-text\">{{lang 'emthemesmodez.on_sale'}}</span>\n                </div>\n            {{else if theme_settings.product_sale_badges '===' 'topright'}}\n                <div class=\"sale-flag-side\">\n                    <span class=\"sale-text\">{{lang 'emthemesmodez.on_sale'}}</span>\n                </div>\n            {{else if theme_settings.product_sale_badges '===' 'burst'}}\n                <div class=\"starwrap\">\n                    <div class=\"sale-flag-star\"></div>\n                    <div class=\"sale-text-burst\">{{lang 'emthemesmodez.on_sale'}}</div>\n                </div>\n            {{/if}}\n        {{/or}}\n        {{#if theme_settings.product_custom_badges}}\n            {{#each custom_fields}}\n                {{#if name '===' '__badge'}}\n                    <div class=\"sale-flag-side sale-flag-side--custom\">\n                        <span class=\"sale-text\">{{{value}}}</span>\n                    </div>\n                {{/if}}\n            {{/each}}\n        {{/if}}\n        {{#if demo}}\n            <div class=\"card-img-container\">\n                <img class=\"card-image lazyload\" data-sizes=\"auto\" src=\"{{cdn 'img/loading.svg'}}\" data-src=\"{{getImage image 'productgallery_size' (cdn theme_settings.default_image_product)}}\" alt=\"{{image.alt}}\" title=\"{{image.alt}}\">\n            </div>\n        {{else}}\n            <a href=\"{{url}}\">\n                <div class=\"card-img-container\">\n                    <img class=\"card-image lazyload\" data-sizes=\"auto\" src=\"{{cdn 'img/loading.svg'}}\" data-src=\"{{getImage image 'productgallery_size' (cdn theme_settings.default_image_product)}}\" alt=\"{{image.alt}}\" title=\"{{image.alt}}\">\n                    {{#if theme_settings.card_showHoverImage}}\n                    {{#each (limit images 2)}}\n                    {{#if @index '>' 0}}\n                    <img class=\"card-image lazyload\" data-sizes=\"auto\" src=\"{{cdn 'img/loading.svg'}}\" data-src=\"{{getImage this 'productgallery_size' (cdn theme_settings.default_image_product)}}\" alt=\"{{this.alt}}\" title=\"{{this.alt}}\">\n                    {{/if}}\n                    {{/each}}\n                    {{/if}}\n                </div>\n            </a>\n        {{/if}}\n        <figcaption class=\"card-figcaption\">\n            <div class=\"card-figcaption-body\">\n                <div class=\"card-buttons\">\n                    {{#or customer (if theme_settings.restrict_to_login '!==' true)}}\n                        {{#if show_cart_action}}\n                            {{#if has_options}}\n                                <a href=\"{{url}}\" class=\"button button--small button--primary card-figcaption-button{{#unless hide_product_quick_view}}{{#if theme_settings.show_product_quick_view}}{{#if theme_settings.ajax_add_to_cart}} quickview-alt{{/if}}{{/if}}{{/unless}}\" data-product-id=\"{{id}}\">{{lang 'products.choose_options'}}</a>\n                            {{/if}}\n                            {{#if pre_order}}\n                                <a href=\"{{url}}\" class=\"button button--small button--primary card-figcaption-button\">{{lang 'products.pre_order'}}</a>\n                            {{/if}}\n                            {{#if add_to_cart_url }}\n                                <a href=\"{{add_to_cart_url}}\" class=\"button button--small button--primary card-figcaption-button\"{{#if theme_settings.ajax_add_to_cart}} data-emthemesmodez-cart-item-add{{/if}}>{{lang 'products.add_to_cart'}}</a>\n                            {{/if}}\n                            {{#unless theme_settings.product_outstock_badge}}\n                                {{#if out_of_stock_message }}\n                                    <a href=\"{{url}}\" class=\"button button--small card-figcaption-button\" data-product-id=\"{{id}}\">{{out_of_stock_message}}</a>\n                                {{/if}}\n                            {{/unless}}\n                        {{/if}}\n                    {{/or}}\n\n                    {{#if show_compare}}\n                        <label class=\"button button--small card-figcaption-button card-figcaption-button--compare\" for=\"compare-{{id}}\">\n                            {{lang 'products.compare'}} <input type=\"checkbox\" name=\"products[]\" value=\"{{id}}\" id=\"compare-{{id}}\" data-compare-id=\"{{id}}\">\n                        </label>\n                    {{/if}}\n                </div>\n\n                <div class=\"card-buttons card-buttons--alt\">\n                    {{#unless hide_product_quick_view}}\n                        {{#if theme_settings.show_product_quick_view}}\n                            <a href=\"#\" class=\"button button--small card-figcaption-button quickview\" data-product-id=\"{{id}}\">{{lang 'products.quick_view'}}</a>\n                        {{/if}}\n                    {{/unless}}\n                </div>\n            </div>\n        </figcaption>\n    </figure>\n    <div class=\"card-body\">\n        {{#and rating show_rating}}\n            <p class=\"card-text card-text--rating\" data-test-info-type=\"productRating\">\n                <span class=\"rating--small\">\n                    {{> components/products/ratings rating=rating}}\n                </span>\n            </p>\n        {{/and}}\n        {{#if brand.name}}\n            <p class=\"card-text card-text--brand\" data-test-info-type=\"brandName\">{{brand.name}}</p>\n        {{/if}}\n        <h4 class=\"card-title\">\n            <a href=\"{{url}}\">{{name}}</a>\n        </h4>\n\n        <div class=\"card-text card-text--price\" data-test-info-type=\"price\">\n            {{#or customer (if theme_settings.restrict_to_login '!==' true)}}\n                {{> components/products/price price=price customer=customer}}\n            {{else}}\n                {{> components/common/login-for-pricing}}\n            {{/or}}\n        </div>\n\n        <div class=\"card-text card-text--summary\" data-test-info-type=\"summary\">\n            {{#if summary}}\n                {{{summary}}}\n            {{/if}}\n        </div>\n\n        {{#if theme_settings.show_sku}}\n        {{#if sku}}\n        <div class=\"card-text card-text--sku\" data-test-info-type=\"sku\">\n            {{{sku}}}\n        </div>\n        {{/if}}\n        {{/if}}\n    </div>\n\n    <div class=\"card-aside\">\n        <div class=\"card-text card-text--price\" data-test-info-type=\"price\">\n            {{#or customer (if theme_settings.restrict_to_login '!==' true)}}\n                {{> components/products/price price=price customer=customer}}\n            {{else}}\n                {{> components/common/login-for-pricing}}\n            {{/or}}\n        </div>\n        <div class=\"card-buttons\">\n            {{#or customer (if theme_settings.restrict_to_login '!==' true)}}\n                {{#if show_cart_action}}\n                    {{#if has_options}}\n                        <a href=\"{{url}}\" class=\"button button--small button--primary card-figcaption-button{{#unless hide_product_quick_view}}{{#if theme_settings.show_product_quick_view}}{{#if theme_settings.ajax_add_to_cart}} quickview-alt{{/if}}{{/if}}{{/unless}}\" data-product-id=\"{{id}}\">{{lang 'products.choose_options'}}</a>\n                    {{/if}}\n                    {{#if pre_order}}\n                        <a href=\"{{url}}\" class=\"button button--small button--primary card-figcaption-button\">{{lang 'products.pre_order'}}</a>\n                    {{/if}}\n                    {{#if add_to_cart_url }}\n                        <a href=\"{{add_to_cart_url}}\" class=\"button button--small button--primary card-figcaption-button\"{{#if theme_settings.ajax_add_to_cart}} data-emthemesmodez-cart-item-add{{/if}}>{{lang 'products.add_to_cart'}}</a>\n                    {{/if}}\n                    {{#if out_of_stock_message }}\n                        <a href=\"{{url}}\" class=\"button button--small card-figcaption-button\" data-product-id=\"{{id}}\">{{out_of_stock_message}}</a>\n                    {{/if}}\n                {{/if}}\n            {{/or}}\n\n            {{#if show_compare}}\n                <label class=\"button button--small card-figcaption-button card-figcaption-button--compare\" for=\"compare-{{id}}\">\n                    {{lang 'products.compare'}} <input type=\"checkbox\" name=\"products[]\" value=\"{{id}}\" id=\"compare-{{id}}\" data-compare-id=\"{{id}}\">\n                </label>\n            {{/if}}\n\n            {{#unless hide_product_quick_view}}\n                {{#if theme_settings.show_product_quick_view}}\n                    <a href=\"#\" class=\"button button--small card-figcaption-button quickview\" data-product-id=\"{{id}}\">{{lang 'products.quick_view'}}</a>\n                {{/if}}\n            {{/unless}}\n        </div>\n    </div>\n</article>\n","components/products/ratings":"{{#for 1 5}}\n    {{#if ../this.rating '>=' $index}}\n        <span class=\"icon icon--ratingFull\">\n            <svg>\n                <use xlink:href=\"#icon-star\" />\n            </svg>\n        </span>\n    {{else}}\n        <span class=\"icon icon--ratingEmpty\">\n            <svg>\n                <use xlink:href=\"#icon-star\" />\n            </svg>\n        </span>\n    {{/if}}\n{{/for}}\n{{{snippet 'product_rating'}}}\n","components/products/price":"{{! Supermarket: \n    Add class: price-was-label, price--main\n}}\n{{!-- There are 2 code paths for generating the PDP pricing HTML determined by the following #and condition. \n    If a 'price_range' exists then we generate all HTML in price-range.html, otherwise it is defined here. Both code\n    paths generate the same HTML structure with some differences in whether that element is displayed by default (css styling).\n    \n    If you are making a change here or in price-range.html, you probably want to make that change in both files. --}}\n    \n    {{#and price.price_range (if theme_settings.price_ranges '==' true)}}\n        {{> components/products/price-range price=price schema_org=schema_org}}\n    {{else}}\n        {{#if price.with_tax}}\n            <div class=\"price-section price-section--withTax rrp-price--withTax\" {{#unless price.rrp_with_tax}}style=\"display: none;\"{{/unless}}>\n                <span class=\"price-was-label\">{{theme_settings.pdp-retail-price-label}}</span>\n                <span data-product-rrp-with-tax class=\"price price--rrp\">\n                    {{price.rrp_with_tax.formatted}}\n                </span>\n            </div>\n            <div class=\"price-section price-section--withTax\" {{#if schema_org}}itemprop=\"offers\" itemscope itemtype=\"http://schema.org/Offer\"{{/if}}>\n                <span class=\"price-label\" {{#if price.non_sale_price_with_tax}}style=\"display: none;\"{{/if}}>\n                    {{theme_settings.pdp-price-label}}\n                </span>\n                <span class=\"price-now-label\" {{#unless price.non_sale_price_with_tax}}style=\"display: none;\"{{/unless}}>\n                    {{theme_settings.pdp-sale-price-label}}\n                </span>\n                <span data-product-price-with-tax class=\"price price--withTax price--main\">{{price.with_tax.formatted}}</span>\n                {{#if schema_org}}\n                    <meta itemprop=\"availability\" content=\"{{product.availability}}\">\n                    <meta itemprop=\"itemCondition\" itemtype=\"http://schema.org/OfferItemCondition\" content=\"http://schema.org/{{product.condition}}Condition\">\n                    <div itemprop=\"priceSpecification\" itemscope itemtype=\"http://schema.org/PriceSpecification\">\n                        <meta itemprop=\"price\" content=\"{{price.with_tax.value}}\">\n                        <meta itemprop=\"priceCurrency\" content=\"{{currency_selector.active_currency_code}}\">\n                        <meta itemprop=\"valueAddedTaxIncluded\" content=\"true\">\n                    </div>\n                {{/if}}\n                {{#if price.without_tax}}\n                    <abbr title=\"{{lang 'products.including_tax'}}\">{{lang 'products.price_with_tax' tax_label=price.tax_label}}</abbr>\n                {{/if}}\n            </div>\n            <div class=\"price-section price-section--withTax non-sale-price--withTax\" {{#unless price.non_sale_price_with_tax}}style=\"display: none;\"{{/unless}}>\n                <span class=\"price-was-label\">{{theme_settings.pdp-non-sale-price-label}}</span>\n                <span data-product-non-sale-price-with-tax class=\"price price--non-sale\">\n                    {{price.non_sale_price_with_tax.formatted}}\n                </span>\n            </div>\n        {{/if}}\n        {{#if price.without_tax}}\n            <div class=\"price-section price-section--withoutTax rrp-price--withoutTax{{#if price.with_tax}} price-section--minor{{/if}}\" {{#unless price.rrp_without_tax}}style=\"display: none;\"{{/unless}}>\n                <span class=\"price-was-label\">{{theme_settings.pdp-retail-price-label}}</span>\n                <span data-product-rrp-price-without-tax class=\"price price--rrp\"> \n                    {{price.rrp_without_tax.formatted}}\n                </span>\n            </div>\n            <div class=\"price-section price-section--withoutTax\" {{#if schema_org}}itemprop=\"offers\" itemscope itemtype=\"http://schema.org/Offer\"{{/if}}>\n                <span class=\"price-label\" {{#if price.non_sale_price_without_tax}}style=\"display: none;\"{{/if}}>\n                    {{theme_settings.pdp-price-label}}\n                </span>\n                <span class=\"price-now-label\" {{#unless price.non_sale_price_without_tax}}style=\"display: none;\"{{/unless}}>\n                    {{theme_settings.pdp-sale-price-label}}\n                </span>\n                <span data-product-price-without-tax class=\"price price--withoutTax{{#if price.with_tax}} price-section--minor{{/if}} price--main\">{{price.without_tax.formatted}}</span>\n                {{#if schema_org}}\n                    <meta itemprop=\"availability\" itemtype=\"http://schema.org/ItemAvailability\"\n                        content=\"http://schema.org/{{#if product.pre_order}}PreOrder{{else if product.out_of_stock}}OutOfStock{{else if product.can_purchase '===' false}}OutOfStock{{else}}InStock{{/if}}\">\n                    <meta itemprop=\"itemCondition\" itemtype=\"http://schema.org/OfferItemCondition\" content=\"http://schema.org/{{product.condition}}Condition\">\n                    <div itemprop=\"priceSpecification\" itemscope itemtype=\"http://schema.org/PriceSpecification\">\n                        <meta itemprop=\"price\" content=\"{{price.without_tax.value}}\">\n                        <meta itemprop=\"priceCurrency\" content=\"{{currency_selector.active_currency_code}}\">\n                        <meta itemprop=\"valueAddedTaxIncluded\" content=\"false\">\n                    </div>\n                {{/if}}\n                {{#if price.with_tax}}\n                    <abbr title=\"{{lang 'products.excluding_tax'}}\">{{lang 'products.price_without_tax' tax_label=price.tax_label}}</abbr>\n                {{/if}}\n            </div>\n            <div class=\"price-section price-section--withoutTax non-sale-price--withoutTax{{#if price.with_tax}} price-section--minor{{/if}}\" {{#unless price.non_sale_price_without_tax}}style=\"display: none;\"{{/unless}}>\n                <span class=\"price-was-label\">{{theme_settings.pdp-non-sale-price-label}}</span>\n                <span data-product-non-sale-price-without-tax class=\"price price--non-sale\">\n                    {{price.non_sale_price_without_tax.formatted}}\n                </span>\n            </div>\n        {{/if}}\n        {{#if page_type '===' 'product'}}\n             <div class=\"price-section price-section--saving price\" {{#unless price.saved}}style=\"display: none;\"{{/unless}}>\n                    <span class=\"price\">{{lang 'products.you_save_opening_text'}}</span>\n                    <span data-product-price-saved class=\"price price--saving\">\n                        {{price.saved.formatted}}\n                    </span>\n                    <span class=\"price\">{{lang 'products.you_save_closing_bracket'}}</span>\n             </div>\n        {{/if}}\n    {{/and}}\n    \n","components/common/login-for-pricing":"<a class=\"price--login\" href=\"{{urls.auth.login}}\" translate>Log in for pricing</a>\n","components/products/price-range":"{{#and price.price_range.min.with_tax price.price_range.max.with_tax}}{{! Added by Papathemes to fix display tax/non-tax retail price when select product option }}\n{{#and price.retail_price_range.min.with_tax price.retail_price_range.max.with_tax}}\n    <div class=\"price-section price-section--withTax rrp-price--withTax\">\n        <span class=\"price-was-label\">{{theme_settings.pdp-retail-price-label}}</span>\n        <span data-product-rrp-price-with-tax class=\"price price--rrp\">{{price.retail_price_range.min.with_tax.formatted}} - {{price.retail_price_range.max.with_tax.formatted}}</span>\n    </div>\n{{else}}\n    {{#if price.with_tax}}\n        <div class=\"price-section price-section--withTax rrp-price--withTax\" style=\"display: none;\">\n            <span class=\"price-was-label\">{{theme_settings.pdp-retail-price-label}}</span>\n            <span data-product-rrp-with-tax class=\"price price--rrp\">\n                {{price.rrp_with_tax.formatted}}\n            </span>\n        </div>\n    {{/if}}\n{{/and}}\n{{/and}}\n{{#and price.price_range.min.with_tax price.price_range.max.with_tax}}\n    <div class=\"price-section price-section--withTax\" {{#if schema_org}}itemprop=\"offers\" itemscope itemtype=\"http://schema.org/Offer\"{{/if}}>\n        <span class=\"price-label\">{{theme_settings.pdp-price-label}}</span>\n        <span class=\"price-now-label\" style=\"display: none;\">{{theme_settings.pdp-sale-price-label}}</span>\n        <span data-product-price-with-tax class=\"price price--withTax price--main\">{{price.price_range.min.with_tax.formatted}} - {{price.price_range.max.with_tax.formatted}}</span>\n        {{#and price.price_range.min.without_tax price.price_range.max.without_tax}}\n            <abbr title=\"{{lang 'products.including_tax'}}\">{{lang 'products.price_with_tax' tax_label=price.price_range.min.tax_label}}</abbr>\n        {{/and}}\n        {{#if schema_org}}\n            <meta itemprop=\"availability\" content=\"{{product.availability}}\">\n            <meta itemprop=\"itemCondition\" itemtype=\"http://schema.org/OfferItemCondition\" content=\"http://schema.org/{{product.condition}}Condition\">\n            <div itemprop=\"priceSpecification\" itemscope itemtype=\"http://schema.org/PriceSpecification\">\n                <meta itemprop=\"minPrice\" content=\"{{price_range.min.with_tax.value}}\"  />\n                <meta itemprop=\"price\" content=\"{{price_range.min.with_tax.value}}\">\n                <meta itemprop=\"maxPrice\" content=\"{{price_range.max.with_tax.value}}\"  />\n                <meta itemprop=\"priceCurrency\" content=\"{{currency_selector.active_currency_code}}\">\n                <meta itemprop=\"valueAddedTaxIncluded\" content=\"true\">\n            </div>\n        {{/if}}\n    </div>\n    {{!-- Never display the \"non-sales price\" if there is a price range to be shown, but we do want the element on the page --}}\n    <div class=\"price-section price-section--withTax non-sale-price--withTax\" style=\"display: none;\">\n        <span class=\"price-was-label\">{{theme_settings.pdp-non-sale-price-label}}</span>\n        <span data-product-non-sale-price-with-tax class=\"price price--non-sale\">\n            {{price.non_sale_price_with_tax.formatted}}\n        </span>\n    </div>\n{{/and}}\n{{#and price.retail_price_range.min.without_tax price.retail_price_range.max.without_tax}}\n    <div class=\"price-section price-section--withoutTax rrp-price--withoutTax{{#if price.with_tax}} price-section--minor{{/if}}\">\n        <span class=\"price-was-label\">{{theme_settings.pdp-retail-price-label}}</span>\n        <span data-product-rrp-price-without-tax class=\"price price--rrp\">{{price.retail_price_range.min.without_tax.formatted}} - {{price.retail_price_range.max.without_tax.formatted}}</span>\n    </div>\n{{else}}\n    {{#if price.without_tax}}\n        <div class=\"price-section price-section--withoutTax rrp-price--withoutTax{{#if price.with_tax}} price-section--minor{{/if}}\" style=\"display: none;\">\n            <span class=\"price-was-label\">{{theme_settings.pdp-retail-price-label}}</span>\n            <span data-product-rrp-price-without-tax class=\"price price--rrp\">\n                {{price.rrp_without_tax.formatted}}\n            </span>\n        </div>\n    {{/if}}\n{{/and}}\n{{#and price.price_range.min.without_tax price.price_range.max.without_tax}}\n    <div class=\"price-section price-section--withoutTax{{#and price_range.min.with_tax price_range.max.with_tax}} price-section--minor{{/and}}\" {{#if schema_org}}itemprop=\"offers\" itemscope itemtype=\"http://schema.org/Offer\"{{/if}}>\n        <span class=\"price-label\">{{theme_settings.pdp-price-label}}</span>\n        <span class=\"price-now-label\" style=\"display: none;\">{{theme_settings.pdp-sale-price-label}}</span>\n        <span data-product-price-without-tax class=\"price price--withoutTax price--main\">{{price.price_range.min.without_tax.formatted}} - {{price.price_range.max.without_tax.formatted}}</span>\n        {{#and price.price_range.min.with_tax price.price_range.max.with_tax}}\n            <abbr title=\"{{lang 'products.excluding_tax'}}\">{{lang 'products.price_without_tax' tax_label=price.price_range.min.tax_label}}</abbr>\n        {{/and}}\n        {{#if schema_org}}\n            <meta itemprop=\"availability\" content=\"{{product.availability}}\">\n            <meta itemprop=\"itemCondition\" itemtype=\"http://schema.org/OfferItemCondition\" content=\"http://schema.org/{{product.condition}}Condition\">\n            <div itemprop=\"priceSpecification\" itemscope itemtype=\"http://schema.org/PriceSpecification\">\n                <meta itemprop=\"minPrice\" content=\"{{price.price_range.min.without_tax.value}}\"  />\n                <meta itemprop=\"price\" content=\"{{price.price_range.min.without_tax.value}}\">\n                <meta itemprop=\"maxPrice\" content=\"{{price.price_range.max.without_tax.value}}\"  />\n                <meta itemprop=\"priceCurrency\" content=\"{{currency_selector.active_currency_code}}\">\n                <meta itemprop=\"valueAddedTaxIncluded\" content=\"false\">\n            </div>\n        {{/if}}\n    </div>\n    {{!-- Never display the \"non-sales price\" if there is a price range to be shown, but we do want the element on the page --}}\n    <div class=\"price-section price-section--withoutTax non-sale-price--withoutTax{{#if price.with_tax}} price-section--minor{{/if}}\" style=\"display: none;\">\n        <span class=\"price-was-label\">{{theme_settings.pdp-non-sale-price-label}}</span>\n        <span data-product-non-sale-price-without-tax class=\"price price--non-sale\">\n            {{price.non_sale_price_without_tax.formatted}}\n        </span>\n    </div>\n{{/and}}\n\n{{!-- Never display the \"saving price\" element by default if there is a price range on the page to be shown --}}\n{{#if page_type '===' 'product'}}\n     <div class=\"price-section price-section--saving price\" style=\"display: none;\">\n            <span class=\"price\">{{lang 'products.you_save_opening_text'}}</span>\n            <span data-product-price-saved class=\"price price--saving\">\n                {{price.saved.formatted}}\n            </span>\n            <span class=\"price\">{{lang 'products.you_save_closing_bracket'}}</span>\n     </div>\n{{/if}}\n"}